doc_id,entity_id
DOC-0001,E017
DOC-0002,E006
DOC-0003,E004
DOC-0004,E010
DOC-0005,E005
DOC-0006,E011
DOC-0007,E009
DOC-0008,E016
DOC-0009,E015
DOC-0010,E011
DOC-0011,E013
DOC-0012,E009
DOC-0013,E004
DOC-0014,E001
DOC-0015,E003
DOC-0016,E007
DOC-0017,E005
DOC-0018,E010
DOC-0019,E015
DOC-0020,E003
DOC-0021,E015
DOC-0022,E009
DOC-0023,E003
DOC-0024,E002
DOC-0025,E013
DOC-0026,E014
DOC-0027,E008
DOC-0028,E009
DOC-0029,E002
DOC-0030,E012
DOC-0031,E009
DOC-0032,E010
DOC-0033,E014
DOC-0034,E013
DOC-0035,E001
DOC-0036,E005
DOC-0037,E004
DOC-0038,E001
DOC-0039,E009
DOC-0040,E009
DOC-0041,E003
DOC-0042,E013
DOC-0043,E015
DOC-0044,E017
DOC-0045,E015
DOC-0046,E009
DOC-0047,E013
DOC-0048,E003
DOC-0049,E001
DOC-0050,E003
DOC-0051,E005
DOC-0052,E009
DOC-0053,E017
DOC-0054,E011
DOC-0055,E004
DOC-0056,E004
DOC-0057,E010
DOC-0058,E002
DOC-0059,E002
DOC-0060,E010
DOC-0061,E015
DOC-0062,E006
DOC-0063,E005
DOC-0064,E010
DOC-0065,E011
DOC-0066,E004
DOC-0067,E001
DOC-0068,E005
DOC-0069,E008
DOC-0070,E014
DOC-0071,E001
DOC-0072,E007
DOC-0073,E002
DOC-0074,E006
DOC-0075,E001
DOC-0076,E006
DOC-0077,E003
DOC-0078,E004
DOC-0079,E010
DOC-0080,E004
DOC-0081,E015
DOC-0082,E007
DOC-0083,E009
DOC-0084,E009
DOC-0085,E012
DOC-0086,E006
DOC-0087,E009
DOC-0088,E015
DOC-0089,E017
DOC-0090,E001
DOC-0091,E015
DOC-0092,E002
DOC-0093,E013
DOC-0094,E002
DOC-0095,E017
DOC-0096,E016
DOC-0097,E009
DOC-0098,E014
DOC-0099,E012
DOC-0100,E007
DOC-0101,E015
DOC-0102,E007
DOC-0103,E016
DOC-0104,E006
DOC-0105,E003
DOC-0106,E012
DOC-0107,E008
DOC-0108,E001
DOC-0109,E002
DOC-0110,E016
DOC-0111,E014
DOC-0112,E002
DOC-0113,E002
DOC-0114,E002
DOC-0115,E007
DOC-0116,E009
DOC-0117,E005
DOC-0118,E016
DOC-0119,E010
DOC-0120,E016
DOC-0121,E015
DOC-0122,E013
DOC-0123,E009
DOC-0124,E004
DOC-0125,E004
DOC-0126,E005
DOC-0127,E016
DOC-0128,E003
DOC-0129,E006
DOC-0130,E006
DOC-0131,E014
DOC-0132,E008
DOC-0133,E007
DOC-0134,E011
DOC-0135,E007
DOC-0136,E014
DOC-0137,E014
DOC-0138,E011
DOC-0139,E016
DOC-0140,E009
DOC-0141,E009
DOC-0142,E010
DOC-0143,E007
DOC-0144,E010
DOC-0145,E012
DOC-0146,E007
DOC-0147,E011
DOC-0148,E016
DOC-0149,E005
DOC-0150,E005
DOC-0151,E011
DOC-0152,E002
DOC-0153,E003
DOC-0154,E006
DOC-0155,E001
DOC-0156,E004
DOC-0157,E012
DOC-0158,E017
DOC-0159,E010
DOC-0160,E014
DOC-0161,E013
DOC-0162,E015
DOC-0163,E005
DOC-0164,E003
DOC-0165,E004
DOC-0166,E008
DOC-0167,E016
DOC-0168,E016
DOC-0169,E007
DOC-0170,E011
DOC-0171,E012
DOC-0172,E001
DOC-0173,E007
DOC-0174,E005
DOC-0175,E004
DOC-0176,E007
DOC-0177,E017
DOC-0178,E009
DOC-0179,E014
DOC-0180,E005
DOC-0181,E003
DOC-0182,E008
DOC-0183,E005
DOC-0184,E004
DOC-0185,E005
DOC-0186,E011
DOC-0187,E011
DOC-0188,E001
DOC-0189,E001
DOC-0190,E004
DOC-0191,E011
DOC-0192,E005
DOC-0193,E016
DOC-0194,E014
DOC-0195,E010
DOC-0196,E001
DOC-0197,E009
DOC-0198,E015
DOC-0199,E014
DOC-0200,E010
DOC-0201,E017
DOC-0202,E010
DOC-0203,E003
DOC-0204,E013
DOC-0205,E005
DOC-0206,E008
DOC-0207,E002
DOC-0208,E010
DOC-0209,E014
DOC-0210,E011
DOC-0211,E008
DOC-0212,E002
DOC-0213,E016
DOC-0214,E008
DOC-0215,E015
DOC-0216,E017
DOC-0217,E016
DOC-0218,E007
DOC-0219,E011
DOC-0220,E003
DOC-0221,E006
DOC-0222,E006
DOC-0223,E015
DOC-0224,E013
DOC-0225,E007
DOC-0226,E002
DOC-0227,E003
DOC-0228,E007
DOC-0229,E015
DOC-0230,E016
DOC-0231,E010
DOC-0232,E012
DOC-0233,E007
DOC-0234,E013
DOC-0235,E016
DOC-0236,E004
DOC-0237,E012
DOC-0238,E016
DOC-0239,E001
DOC-0240,E004
DOC-0241,E006
DOC-0242,E014
DOC-0243,E011
DOC-0244,E009
DOC-0245,E011
DOC-0246,E008
DOC-0247,E017
DOC-0248,E005
DOC-0249,E015
DOC-0250,E012
DOC-0251,E003
DOC-0252,E003
DOC-0253,E011
DOC-0254,E002
DOC-0255,E004
DOC-0256,E004
DOC-0257,E010
DOC-0258,E002
DOC-0259,E017
DOC-0260,E010
DOC-0261,E017
DOC-0262,E012
DOC-0263,E009
DOC-0264,E005
DOC-0265,E008
DOC-0266,E013
DOC-0267,E001
DOC-0268,E004
DOC-0269,E004
DOC-0270,E005
DOC-0271,E017
DOC-0272,E001
DOC-0273,E013
DOC-0274,E009
DOC-0275,E007
DOC-0276,E015
DOC-0277,E014
DOC-0278,E008
DOC-0279,E010
DOC-0280,E011
DOC-0281,E008
DOC-0282,E016
DOC-0283,E015
DOC-0284,E013
DOC-0285,E003
DOC-0286,E002
DOC-0287,E016
DOC-0288,E013
DOC-0289,E012
DOC-0290,E008
DOC-0291,E017
DOC-0292,E007
DOC-0293,E013
DOC-0294,E012
DOC-0295,E007
DOC-0296,E007
DOC-0297,E013
DOC-0298,E004
DOC-0299,E008
DOC-0300,E016
DOC-0301,E012
DOC-0302,E002
DOC-0303,E013
DOC-0304,E003
DOC-0305,E010
DOC-0306,E015
DOC-0307,E010
DOC-0308,E017
DOC-0309,E014
DOC-0310,E014
DOC-0311,E004
DOC-0312,E013
DOC-0313,E006
DOC-0314,E002
DOC-0315,E002
DOC-0316,E001
DOC-0317,E002
DOC-0318,E005
DOC-0319,E005
DOC-0320,E016
DOC-0321,E016
DOC-0322,E009
DOC-0323,E005
DOC-0324,E002
DOC-0325,E017
DOC-0326,E012
DOC-0327,E014
DOC-0328,E016
DOC-0329,E017
DOC-0330,E015
DOC-0331,E001
DOC-0332,E008
DOC-0333,E003
DOC-0334,E007
DOC-0335,E012
DOC-0336,E001
DOC-0337,E014
DOC-0338,E009
DOC-0339,E017
DOC-0340,E006
DOC-0341,E010
DOC-0342,E017
DOC-0343,E017
DOC-0344,E017
DOC-0345,E011
DOC-0346,E011
DOC-0347,E007
DOC-0348,E012
DOC-0349,E005
DOC-0350,E009
DOC-0351,E001
DOC-0352,E006
DOC-0353,E013
DOC-0354,E007
DOC-0355,E010
DOC-0356,E012
DOC-0357,E017
DOC-0358,E003
DOC-0359,E016
DOC-0360,E014
DOC-0361,E011
DOC-0362,E004
DOC-0363,E015
DOC-0364,E011
DOC-0365,E002
DOC-0366,E011
DOC-0367,E010
DOC-0368,E016
DOC-0369,E016
DOC-0370,E009
DOC-0371,E002
DOC-0372,E009
DOC-0373,E001
DOC-0374,E015
DOC-0375,E007
DOC-0376,E012
DOC-0377,E014
DOC-0378,E014
DOC-0379,E013
DOC-0380,E010
DOC-0381,E010
DOC-0382,E002
DOC-0383,E015
DOC-0384,E006
DOC-0385,E006
DOC-0386,E010
DOC-0387,E007
DOC-0388,E005
DOC-0389,E006
DOC-0390,E013
DOC-0391,E016
DOC-0392,E011
DOC-0393,E017
DOC-0394,E015
DOC-0395,E005
DOC-0396,E011
DOC-0397,E008
DOC-0398,E009
DOC-0399,E016
DOC-0400,E013
DOC-0401,E005
DOC-0402,E003
DOC-0403,E005
DOC-0404,E006
DOC-0405,E013
DOC-0406,E012
DOC-0407,E005
DOC-0408,E012
DOC-0409,E012
DOC-0410,E008
DOC-0411,E008
DOC-0412,E001
DOC-0413,E009
DOC-0414,E004
DOC-0415,E002
DOC-0416,E004
DOC-0417,E004
DOC-0418,E015
DOC-0419,E014
DOC-0420,E015
DOC-0421,E004
DOC-0422,E011
DOC-0423,E011
DOC-0424,E002
DOC-0425,E017
DOC-0426,E005
DOC-0427,E014
DOC-0428,E015
DOC-0429,E013
DOC-0430,E011
DOC-0431,E013
DOC-0432,E009
DOC-0433,E009
DOC-0434,E017
DOC-0435,E013
DOC-0436,E017
DOC-0437,E006
DOC-0438,E012
DOC-0439,E003
DOC-0440,E015
DOC-0441,E004
DOC-0442,E010
DOC-0443,E011
DOC-0444,E009
DOC-0445,E017
DOC-0446,E007
DOC-0447,E015
DOC-0448,E004
DOC-0449,E007
DOC-0450,E004
DOC-0451,E004
DOC-0452,E016
DOC-0453,E007
DOC-0454,E002
DOC-0455,E003
DOC-0456,E014
DOC-0457,E015
DOC-0458,E005
DOC-0459,E016
DOC-0460,E002
DOC-0461,E007
DOC-0462,E009
DOC-0463,E012
DOC-0464,E014
DOC-0465,E009
DOC-0466,E007
DOC-0467,E005
DOC-0468,E002
DOC-0469,E002
DOC-0470,E009
DOC-0471,E003
DOC-0472,E011
DOC-0473,E005
DOC-0474,E011
DOC-0475,E011
DOC-0476,E009
DOC-0477,E008
DOC-0478,E009
DOC-0479,E015
DOC-0480,E003
DOC-0481,E010
DOC-0482,E009
DOC-0483,E014
DOC-0484,E017
DOC-0485,E012
DOC-0486,E001
DOC-0487,E017
DOC-0488,E009
DOC-0489,E009
DOC-0490,E011
DOC-0491,E004
DOC-0492,E013
DOC-0493,E004
DOC-0494,E005
DOC-0495,E012
DOC-0496,E005
DOC-0497,E007
DOC-0498,E010
DOC-0499,E015
DOC-0500,E013
DOC-0501,E010
DOC-0502,E015
DOC-0503,E002
DOC-0504,E009
DOC-0505,E006
DOC-0506,E006
DOC-0507,E013
DOC-0508,E009
DOC-0509,E007
DOC-0510,E001
DOC-0511,E004
DOC-0512,E004
DOC-0513,E002
DOC-0514,E016
DOC-0515,E006
DOC-0516,E017
DOC-0517,E008
DOC-0518,E012
DOC-0519,E009
DOC-0520,E009
DOC-0521,E009
DOC-0522,E012
DOC-0523,E010
DOC-0524,E005
DOC-0525,E003
DOC-0526,E016
DOC-0527,E001
DOC-0528,E003
DOC-0529,E009
DOC-0530,E009
DOC-0531,E015
DOC-0532,E006
DOC-0533,E010
DOC-0534,E006
DOC-0535,E014
DOC-0536,E015
DOC-0537,E012
DOC-0538,E008
DOC-0539,E008
DOC-0540,E006
DOC-0541,E004
DOC-0542,E011
DOC-0543,E007
DOC-0544,E007
DOC-0545,E007
DOC-0546,E014
DOC-0547,E017
DOC-0548,E005
DOC-0549,E010
DOC-0550,E006
DOC-0551,E005
DOC-0552,E002
DOC-0553,E011
DOC-0554,E006
DOC-0555,E004
DOC-0556,E017
DOC-0557,E012
DOC-0558,E005
DOC-0559,E003
DOC-0560,E006
DOC-0561,E003
DOC-0562,E004
DOC-0563,E004
DOC-0564,E014
DOC-0565,E016
DOC-0566,E013
DOC-0567,E010
DOC-0568,E002
DOC-0569,E017
DOC-0570,E015
DOC-0571,E011
DOC-0572,E015
DOC-0573,E012
DOC-0574,E003
DOC-0575,E006
DOC-0576,E014
DOC-0577,E015
DOC-0578,E002
DOC-0579,E012
DOC-0580,E007
DOC-0581,E011
DOC-0582,E003
DOC-0583,E013
DOC-0584,E003
DOC-0585,E004
DOC-0586,E015
DOC-0587,E011
DOC-0588,E005
DOC-0589,E010
DOC-0590,E010
DOC-0591,E015
DOC-0592,E003
DOC-0593,E007
DOC-0594,E004
DOC-0595,E008
DOC-0596,E014
DOC-0597,E003
DOC-0598,E005
DOC-0599,E016
DOC-0600,E009
DOC-0601,E003
DOC-0602,E016
DOC-0603,E005
DOC-0604,E004
DOC-0605,E005
DOC-0606,E009
DOC-0607,E013
DOC-0608,E017
DOC-0609,E012
DOC-0610,E015
DOC-0611,E009
DOC-0612,E015
DOC-0613,E006
DOC-0614,E009
DOC-0615,E009
DOC-0616,E003
DOC-0617,E004
DOC-0618,E004
DOC-0619,E010
DOC-0620,E006
DOC-0621,E017
DOC-0622,E017
DOC-0623,E001
DOC-0624,E003
DOC-0625,E002
DOC-0626,E017
DOC-0627,E013
DOC-0628,E005
DOC-0629,E007
DOC-0630,E003
DOC-0631,E012
DOC-0632,E011
DOC-0633,E008
DOC-0634,E004
DOC-0635,E003
DOC-0636,E015
DOC-0637,E006
DOC-0638,E003
DOC-0639,E001
DOC-0640,E010
DOC-0641,E012
DOC-0642,E017
DOC-0643,E014
DOC-0644,E006
DOC-0645,E014
DOC-0646,E014
DOC-0647,E004
DOC-0648,E006
DOC-0649,E010
DOC-0650,E016
DOC-0651,E004
DOC-0652,E006
DOC-0653,E004
DOC-0654,E008
DOC-0655,E005
DOC-0656,E014
DOC-0657,E003
DOC-0658,E007
DOC-0659,E002
DOC-0660,E005
DOC-0661,E017
DOC-0662,E013
DOC-0663,E004
DOC-0664,E008
DOC-0665,E004
DOC-0666,E006
DOC-0667,E008
DOC-0668,E017
DOC-0669,E005
DOC-0670,E003
DOC-0671,E006
DOC-0672,E012
DOC-0673,E002
DOC-0674,E006
DOC-0675,E006
DOC-0676,E001
DOC-0677,E012
DOC-0678,E006
DOC-0679,E016
DOC-0680,E011
DOC-0681,E016
DOC-0682,E017
DOC-0683,E016
DOC-0684,E015
DOC-0685,E010
DOC-0686,E007
DOC-0687,E006
DOC-0688,E001
DOC-0689,E008
DOC-0690,E003
DOC-0691,E009
DOC-0692,E013
DOC-0693,E012
DOC-0694,E015
DOC-0695,E003
DOC-0696,E004
DOC-0697,E009
DOC-0698,E006
DOC-0699,E005
DOC-0700,E015
DOC-0701,E012
DOC-0702,E015
DOC-0703,E003
DOC-0704,E009
DOC-0705,E001
DOC-0706,E010
DOC-0707,E005
DOC-0708,E006
DOC-0709,E013
DOC-0710,E005
DOC-0711,E016
DOC-0712,E016
DOC-0713,E005
DOC-0714,E015
DOC-0715,E007
DOC-0716,E005
DOC-0717,E009
DOC-0718,E012
DOC-0719,E001
DOC-0720,E006
DOC-0721,E010
DOC-0722,E015
DOC-0723,E014
DOC-0724,E013
DOC-0725,E012
DOC-0726,E003
DOC-0727,E002
DOC-0728,E005
DOC-0729,E009
DOC-0730,E005
DOC-0731,E004
DOC-0732,E014
DOC-0733,E016
DOC-0734,E016
DOC-0735,E004
DOC-0736,E015
DOC-0737,E011
DOC-0738,E017
DOC-0739,E016
DOC-0740,E007
DOC-0741,E003
DOC-0742,E010
DOC-0743,E003
DOC-0744,E017
DOC-0745,E008
DOC-0746,E006
DOC-0747,E003
DOC-0748,E006
DOC-0749,E007
DOC-0750,E011
DOC-0751,E014
DOC-0752,E007
DOC-0753,E009
DOC-0754,E007
DOC-0755,E009
DOC-0756,E009
DOC-0757,E005
DOC-0758,E011
DOC-0759,E002
DOC-0760,E005
DOC-0761,E011
DOC-0762,E012
DOC-0763,E006
DOC-0764,E009
DOC-0765,E005
DOC-0766,E002
DOC-0767,E009
DOC-0768,E007
DOC-0769,E004
DOC-0770,E015
DOC-0771,E017
DOC-0772,E007
DOC-0773,E001
DOC-0774,E003
DOC-0775,E001
DOC-0776,E017
DOC-0777,E015
DOC-0778,E010
DOC-0779,E013
DOC-0780,E017
DOC-0781,E012
DOC-0782,E013
DOC-0783,E013
DOC-0784,E006
DOC-0785,E016
DOC-0786,E014
DOC-0787,E004
DOC-0788,E013
DOC-0789,E017
DOC-0790,E002
DOC-0791,E015
DOC-0792,E016
DOC-0793,E004
DOC-0794,E006
DOC-0795,E004
DOC-0796,E011
DOC-0797,E012
DOC-0798,E013
DOC-0799,E007
DOC-0800,E017
DOC-0801,E010
DOC-0802,E004
DOC-0803,E002
DOC-0804,E006
DOC-0805,E012
DOC-0806,E009
DOC-0807,E010
DOC-0808,E004
DOC-0809,E003
DOC-0810,E016
DOC-0811,E001
DOC-0812,E016
DOC-0813,E002
DOC-0814,E004
DOC-0815,E009
DOC-0816,E008
DOC-0817,E015
DOC-0818,E012
DOC-0819,E017
DOC-0820,E007
DOC-0821,E007
DOC-0822,E017
DOC-0823,E011
DOC-0824,E013
DOC-0825,E009
DOC-0826,E017
DOC-0827,E013
DOC-0828,E017
DOC-0829,E006
DOC-0830,E012
DOC-0831,E008
DOC-0832,E013
DOC-0833,E002
DOC-0834,E007
DOC-0835,E012
DOC-0836,E012
DOC-0837,E003
DOC-0838,E010
DOC-0839,E012
DOC-0840,E008
DOC-0841,E012
DOC-0842,E017
DOC-0843,E005
DOC-0844,E003
DOC-0845,E016
DOC-0846,E013
DOC-0847,E008
DOC-0848,E004
DOC-0849,E011
DOC-0850,E007
DOC-0851,E016
DOC-0852,E004
DOC-0853,E001
DOC-0854,E008
DOC-0855,E014
DOC-0856,E008
DOC-0857,E011
DOC-0858,E012
DOC-0859,E009
DOC-0860,E011
DOC-0861,E009
DOC-0862,E002
DOC-0863,E012
DOC-0864,E012
DOC-0865,E004
DOC-0866,E009
DOC-0867,E007
DOC-0868,E017
DOC-0869,E005
DOC-0870,E006
DOC-0871,E015
DOC-0872,E016
DOC-0873,E007
DOC-0874,E011
DOC-0875,E015
DOC-0876,E014
DOC-0877,E016
DOC-0878,E003
DOC-0879,E017
DOC-0880,E010
DOC-0881,E003
DOC-0882,E016
DOC-0883,E014
DOC-0884,E010
DOC-0885,E008
DOC-0886,E005
DOC-0887,E010
DOC-0888,E004
DOC-0889,E006
DOC-0890,E016
DOC-0891,E015
DOC-0892,E016
DOC-0893,E006
DOC-0894,E007
DOC-0895,E006
DOC-0896,E014
DOC-0897,E015
DOC-0898,E016
DOC-0899,E005
DOC-0900,E015
DOC-0901,E010
DOC-0902,E017
DOC-0903,E013
DOC-0904,E002
DOC-0905,E012
DOC-0906,E012
DOC-0907,E010
DOC-0908,E011
DOC-0909,E006
DOC-0910,E002
DOC-0911,E003
DOC-0912,E011
DOC-0913,E003
DOC-0914,E013
DOC-0915,E014
DOC-0916,E015
DOC-0917,E001
DOC-0918,E010
DOC-0919,E007
DOC-0920,E008
DOC-0921,E004
DOC-0922,E011
DOC-0923,E010
DOC-0924,E001
DOC-0925,E006
DOC-0926,E003
DOC-0927,E005
DOC-0928,E007
DOC-0929,E002
DOC-0930,E012
DOC-0931,E010
DOC-0932,E007
DOC-0933,E014
DOC-0934,E004
DOC-0935,E003
DOC-0936,E017
DOC-0937,E001
DOC-0938,E015
DOC-0939,E006
DOC-0940,E003
DOC-0941,E006
DOC-0942,E011
DOC-0943,E013
DOC-0944,E001
DOC-0945,E012
DOC-0946,E002
DOC-0947,E012
DOC-0948,E003
DOC-0949,E017
DOC-0950,E009
DOC-0951,E011
DOC-0952,E001
DOC-0953,E006
DOC-0954,E004
DOC-0955,E001
DOC-0956,E017
DOC-0957,E002
DOC-0958,E007
DOC-0959,E007
DOC-0960,E001
DOC-0961,E015
DOC-0962,E015
DOC-0963,E002
DOC-0964,E014
DOC-0965,E015
DOC-0966,E004
DOC-0967,E017
DOC-0968,E005
DOC-0969,E017
DOC-0970,E008
DOC-0971,E012
DOC-0972,E014
DOC-0973,E003
DOC-0974,E005
DOC-0975,E002
DOC-0976,E013
DOC-0977,E017
DOC-0978,E011
DOC-0979,E013
DOC-0980,E015
DOC-0981,E015
DOC-0982,E001
DOC-0983,E012
DOC-0984,E010
DOC-0985,E012
DOC-0986,E017
DOC-0987,E014
DOC-0988,E016
DOC-0989,E017
DOC-0990,E004
DOC-0991,E013
DOC-0992,E007
DOC-0993,E006
DOC-0994,E007
DOC-0995,E012
DOC-0996,E001
DOC-0997,E017
DOC-0998,E002
DOC-0999,E016
DOC-1000,E008
