"invoice_id","supplier_name","category","invoice_date","status","amount_usd","comment"
"INV-919046"," Helios Robotix ","Cloud"," 2024-01-04"," Approved","$8,995.21","pending shipping confirmation; cost center 100 "
"INV-120925"," Lumen Analytics","Professional Services","2024-07-08","Pending "," $8,047.97 ","match to PO required; cost center 118"
"INV-131956"," Astra-Supplies"," Facility ","2024-04-02 ","Approved","$4,589.44 "," vendor submitted via portal; cost center 106"
"INV-808911"," Vertex Log. ","Logistics ","2024-09-25","Approved "," $4,867.73","requires VAT documentation; cost center 110"
"INV-803763","VertexLogistics ","Professional Services","2024-03-25 "," On Hold ","$7,503.36"," match to PO required; cost center 100 "
"INV-631604","VertexLogistics "," Hardware "," 2024-06-07 ","Approved","$1,729.37"," requires VAT documentation; cost center 108"
"INV-982771","Helios Robotix "," Software "," 2024-03-08"," On Hold","USD 2, 514.48","pending shipping confirmation; cost center 112 "
"INV-606377"," Zenith Components ","Professional Services "," 2024-05-23"," Approved","USD 2,430.53","requires VAT documentation; cost center 111"
"INV-750856"," Astra-Supplies","Cloud ","2024-08-07 ","Pending"," $8,038.16 ","requires VAT documentation; cost center 117"
"INV-836417","Novapackaging "," Hardware","2024-01-19 "," Approved"," $8,258.12 ","price variance escalated; cost center 117"
"INV-443107"," NovaPack "," Cloud"," 2024-06-01"," Rejected","USD 5, 785.31","three-way match complete; cost center 103 "
"INV-858670"," Zenith-Components "," Hardware ","2024-08-18 ","Approved"," USD 8, 587.75 ","three-way match complete; cost center 100 "
"INV-350410"," HELIOS ROBOTICS"," Facility "," 2024-01-16","On Hold"," $9,042.56"," match to PO required; cost center 104 "
"INV-123398","LumenAnalytic"," Cloud"," 2024-02-25","Rejected ","USD 6,350.08"," price variance escalated; cost center 109 "
"INV-855375","Astra Supplies ","Facility ","2024-04-07"," Approved"," $4,052.82 ","requires VAT documentation; cost center 110 "
"INV-141055","ZenithComponents","Logistics ","2024-05-15 "," Approved"," $1,341.19 ","price variance escalated; cost center 117"
"INV-552592"," ZenithComponents"," Professional Services"," 2024-08-25 ","Approved"," USD 4, 721.88 "," requires VAT documentation; cost center 110"
"INV-832171","Nova Packg. ","Professional Services"," 2024-06-20"," Approved ","$5,886.01 ","vendor submitted via portal; cost center 115 "
"INV-885168","Lumen Analytics"," Facility ","2024-03-03"," Approved ","$3,743.30 ","three-way match complete; cost center 107 "
"INV-391409","Astra Spp","Software "," 2024-05-15 "," Pending "," $7,129.39 "," requires VAT documentation; cost center 103"
"INV-391409","Astra Supplies"," Software","2024-05-15"," Pending "," $7,129.39 "," duplicate submit; consolidate in close process "
"INV-736199"," Zenith Comp.","Facility ","2024-06-12 "," Approved"," $7,404.58"," vendor submitted via portal; cost center 104 "
"INV-907370","Vertex Logistics"," Professional Services ","2024-07-21 ","Pending","$3,534.27","pending shipping confirmation; cost center 111 "
"INV-300017"," Nova Packaging"," Professional Services ","2024-07-12","Pending"," $2,896.88"," price variance escalated; cost center 108 "
"INV-300017","NovaPack","Professional Services "," 2024-07-12 "," Pending "," $2,896.88","duplicate submit; consolidate in close process "
"INV-255759","Zenith Comp."," Facility"," 2024-03-24","On Hold"," USD 9,159.34 "," pending shipping confirmation; cost center 113"
"INV-286527"," Helios-Robotics ","Professional Services","2024-08-21"," Approved "," $7,078.34 ","requires VAT documentation; cost center 119"
"INV-396837","Astra-Supplies ","Cloud "," 2024-09-19 "," On Hold "," $1,050.31 "," pending shipping confirmation; cost center 114"
"INV-119064","Nova Packg. ","Software"," 2024-01-08 ","Pending"," $5,622.53","match to PO required; cost center 116 "
"INV-962028"," Zenith-Components"," Professional Services","2024-02-25 "," Approved "," $4,955.23"," three-way match complete; cost center 112"
"INV-857254"," Zenith Component "," Software","2024-07-03","On Hold ","USD 6, 922.45"," match to PO required; cost center 119 "
"INV-547174"," HELIOS ROBOTICS"," Facility ","2024-04-21 ","Approved","$1,762.89 ","requires VAT documentation; cost center 107"
"INV-939813","Astra suppl."," Hardware","2024-07-27","On Hold "," $8,846.00"," requires VAT documentation; cost center 118"
"INV-467714","VertexLogistics "," Facility","2024-02-27"," Approved ","$1,971.54 ","pending shipping confirmation; cost center 114 "
"INV-112264","Novapackaging "," Logistics","2024-05-12"," Approved","USD 7, 971.03","pending shipping confirmation; cost center 106 "
"INV-702789","Vertex Log. ","Professional Services "," 2024-05-30"," Approved ","$4,786.83","vendor submitted via portal; cost center 107"
"INV-813504"," Zenith Comp.","Professional Services","2024-02-15","On Hold","$2,241.45"," vendor submitted via portal; cost center 114 "
"INV-106941","AstraSupply "," Software"," 2024-04-30","Pending"," USD 6, 552.13 ","price variance escalated; cost center 111 "
"INV-561639"," Helios-Robotics"," Professional Services ","2024-03-22","Approved "," $9,194.68"," three-way match complete; cost center 110 "
"INV-884155"," Vertex Logistics","Facility","2024-05-28 "," Approved "," USD 8, 866.01 "," three-way match complete; cost center 113"
"INV-812790","Zenith Components","Cloud"," 2024-05-27 "," Approved","$4,303.93 "," pending shipping confirmation; cost center 106 "
"INV-908029","Lumen Analytics"," Facility","2024-05-12","Approved"," $9,940.11","vendor submitted via portal; cost center 118 "
"INV-908029","Lumen Analytix"," Facility "," 2024-05-12 ","Approved"," $9,940.11","duplicate submit; consolidate in close process "
"INV-214436"," NovaPack","Logistics ","2024-01-17 ","Approved"," $702.47 ","pending shipping confirmation; cost center 119 "
"INV-300013"," Zenith-Components "," Hardware"," 2024-03-01 ","Approved"," $6,126.59","vendor submitted via portal; cost center 115 "
"INV-160327"," Astra suppl. "," Professional Services","2024-08-05 ","Pending","USD 3, 156.74"," requires VAT documentation; cost center 106 "
"INV-295950","Vertex Log."," Cloud"," 2024-05-31"," On Hold"," $6,708.57"," price variance escalated; cost center 104"
"INV-510751"," Lumen Analytix ","Software"," 2024-08-31 ","Pending "," $1,246.17"," requires VAT documentation; cost center 118 "
"INV-882995"," Nova Packg.","Software"," 2024-04-23 "," Approved ","$3,085.36","three-way match complete; cost center 117"
"INV-213951","Astra suppl.","Cloud"," 2024-07-15","Approved"," USD 3, 046.07 ","price variance escalated; cost center 118"
"INV-131511"," HeliosRobotics "," Facility "," 2024-02-29"," Approved","$7,471.37 ","pending shipping confirmation; cost center 103 "
"INV-640233"," Astra Spp "," Facility"," 2024-03-12","Rejected "," USD 9, 589.52"," vendor submitted via portal; cost center 109"
"INV-452487","VertexLogistics "," Software "," 2024-01-30"," Rejected "," USD 7, 436.33","pending shipping confirmation; cost center 119"
"INV-117109"," Helios Robotix"," Software "," 2024-05-23"," On Hold "," USD 6,055.47 "," pending shipping confirmation; cost center 109 "
"INV-705880"," AstraSupply","Software "," 2024-01-15 "," Approved ","USD 9,833.61 ","three-way match complete; cost center 115"
"INV-474821"," Nova Packg. "," Cloud "," 2024-01-07"," Approved "," USD 3, 395.16 ","match to PO required; cost center 112 "
"INV-173872","Zenith Component","Software "," 2024-04-20","Approved ","$8,496.66 ","match to PO required; cost center 102 "
"INV-381628","Zenith Components "," Hardware","2024-04-04 "," Pending"," $1,872.80 "," vendor submitted via portal; cost center 116"
"INV-425259","Astra-Supplies"," Software"," 2024-07-22 "," Approved "," USD 6,271.45 ","vendor submitted via portal; cost center 113 "
"INV-755854"," Nova-Packaging "," Software"," 2024-07-09","On Hold "," USD 3,564.55"," match to PO required; cost center 101"
"INV-318523"," Zenith Components"," Software ","2024-04-14"," Approved","$9,216.22"," price variance escalated; cost center 105"
"INV-168425","Astra Supplies "," Software "," 2024-06-18"," Approved ","$3,183.47"," vendor submitted via portal; cost center 112 "
"INV-239025"," Zenith Comp.","Cloud"," 2024-07-06","Approved"," USD 5, 741.74 "," vendor submitted via portal; cost center 112 "
"INV-275119","Zenith-Components "," Hardware ","2024-08-16","Approved","USD 2,312.47"," three-way match complete; cost center 103"
"INV-888965","Astra suppl. ","Software"," 2024-06-23","Pending","USD 7, 318.69","pending shipping confirmation; cost center 105 "
"INV-888965"," Astra suppl. ","Software "," 2024-06-23 ","Pending","USD 7, 318.69 ","duplicate submit; consolidate in close process"
"INV-488156"," Helios Robotics ","Cloud ","2024-06-25 "," Approved "," $4,742.74","price variance escalated; cost center 118"
"INV-326119","Nova-Packaging "," Logistics"," 2024-06-08"," Pending"," USD 1,983.29"," match to PO required; cost center 108 "
"INV-592717"," Astra-Supplies","Professional Services"," 2024-04-15 ","On Hold ","USD 1, 711.85 "," vendor submitted via portal; cost center 119 "
"INV-733571","LumenAnalytic","Logistics","2024-02-26"," Approved","$3,108.24 ","requires VAT documentation; cost center 115 "
"INV-819650"," Nova Packaging"," Facility ","2024-07-21","Approved "," $724.27","requires VAT documentation; cost center 117 "
"INV-282517"," Astra Supplies "," Facility","2024-02-11 ","Approved"," USD 3, 352.16 "," price variance escalated; cost center 104 "
"INV-758486"," Nova Packaging "," Cloud ","2024-05-06"," Approved","$5,282.67 ","requires VAT documentation; cost center 111"
"INV-508854"," AstraSupply "," Facility","2024-09-15","Approved ","USD 6, 690.04 ","price variance escalated; cost center 112"
"INV-694192","Zenith Components ","Facility","2024-07-17"," Approved"," $6,547.95"," requires VAT documentation; cost center 111"
"INV-310481"," Vertex Logistics","Software","2024-08-31"," Pending "," USD 2, 107.35","vendor submitted via portal; cost center 104"
"INV-531490"," LumenAnalytics "," Software"," 2024-02-27 ","Approved ","USD 1,840.91"," requires VAT documentation; cost center 119 "
"INV-531490"," LumenAnalytic ","Software"," 2024-02-27","Approved ","USD 1,840.91","duplicate submit; consolidate in close process "
"INV-386221"," Zenith-Components "," Facility","2024-03-31 "," Rejected "," USD 8, 864.72 ","pending shipping confirmation; cost center 101"
"INV-869507"," Zenith Components"," Software "," 2024-03-07 "," Pending"," USD 8, 491.54","match to PO required; cost center 110 "
"INV-520276"," Nova Packg.","Facility "," 2024-09-25 "," Approved"," $8,568.55 "," vendor submitted via portal; cost center 106"
"INV-189926","Astra-Supplies","Hardware "," 2024-06-24","Rejected ","$2,583.41"," vendor submitted via portal; cost center 117"
"INV-218522","Lumen-Analytics "," Facility "," 2024-01-19","Approved"," $1,098.43"," price variance escalated; cost center 119"
"INV-488561","Vertex-Logistics ","Logistics","2024-09-24","Pending"," USD 4,181.00"," pending shipping confirmation; cost center 119 "
"INV-488561","Vtx Logistics"," Logistics ","2024-09-24"," Pending"," USD 4,181.00 "," duplicate submit; consolidate in close process"
"INV-808408"," HELIOS ROBOTICS "," Logistics"," 2024-08-14 ","Approved","USD 7, 305.34 "," match to PO required; cost center 117"
"INV-636603"," Astra Spp","Facility"," 2024-04-22 ","Approved"," USD 5, 728.46"," vendor submitted via portal; cost center 107 "
"INV-421876","Astra Supplies"," Professional Services "," 2024-08-29"," Approved ","$2,704.51","match to PO required; cost center 100 "
"INV-245709","Astra Spp ","Facility "," 2024-06-15"," Pending","USD 6,235.96"," price variance escalated; cost center 107"
"INV-869469","NovaPack ","Hardware ","2024-05-09 ","Approved ","$2,870.09"," three-way match complete; cost center 112"
"INV-484598","HELIOS ROBOTICS "," Software","2024-02-26","Approved"," $9,292.85"," pending shipping confirmation; cost center 108"
"INV-879826","Nova Packaging "," Hardware ","2024-04-21 ","Rejected ","USD 2, 739.41"," vendor submitted via portal; cost center 108 "
"INV-155026"," Lumen Analytix","Facility","2024-08-25"," Approved "," $9,859.73 ","requires VAT documentation; cost center 110"
"INV-324802","LumenAnalytic"," Hardware","2024-05-19 "," Approved "," USD 4, 104.24 "," three-way match complete; cost center 116 "
"INV-323254"," Lumen Analytix"," Professional Services "," 2024-05-22","On Hold","$9,650.00 "," requires VAT documentation; cost center 110 "
"INV-517483","Helios Robotix","Software"," 2024-05-25","Pending"," $9,722.40 ","three-way match complete; cost center 117 "
"INV-188916","Lumen Analytics "," Hardware ","2024-09-11 "," Approved","$8,523.72","match to PO required; cost center 107 "
"INV-503114"," Astra suppl.","Facility "," 2024-07-10 ","Approved ","$8,260.98","requires VAT documentation; cost center 114 "
"INV-396809"," Nova Packaging"," Software "," 2024-01-04"," Approved "," USD 4, 937.01 ","three-way match complete; cost center 115 "
"INV-986444","Lumen Analytics"," Logistics","2024-01-23"," Approved ","$3,753.09","price variance escalated; cost center 102"
"INV-871714"," Vtx Logistics "," Professional Services ","2024-08-22 ","On Hold"," $6,419.13","vendor submitted via portal; cost center 109"
"INV-871714"," Vertex-Logistics"," Professional Services ","2024-08-22 "," On Hold","$6,419.13 ","duplicate submit; consolidate in close process "
"INV-650218","Lumen Analytix","Facility ","2024-04-29","Approved "," $9,114.65 "," vendor submitted via portal; cost center 116 "
"INV-947958"," Vertex-Logistics","Logistics","2024-05-29"," Approved"," $7,586.77 ","price variance escalated; cost center 114 "
"INV-648406","Astra Spp "," Professional Services "," 2024-04-03","Rejected "," $6,407.69 "," three-way match complete; cost center 109"
"INV-648406"," Astra suppl. "," Professional Services "," 2024-04-03","Rejected","$6,407.69 ","duplicate submit; consolidate in close process "
"INV-244110"," Novapackaging","Software","2024-02-13 "," Approved "," $3,825.70 ","three-way match complete; cost center 118"
"INV-307202"," AstraSupply "," Cloud "," 2024-06-08"," On Hold"," $8,434.73","price variance escalated; cost center 110 "
"INV-926048","Helios Robotics"," Professional Services","2024-05-29 "," Approved "," $8,401.09 "," price variance escalated; cost center 117 "
"INV-708883"," Lumen-Analytics ","Logistics ","2024-09-26"," On Hold","$8,582.35","vendor submitted via portal; cost center 114"
"INV-639813"," Astra-Supplies","Cloud "," 2024-09-01 ","Pending "," $5,291.83","pending shipping confirmation; cost center 110 "
"INV-316758"," Astra suppl. ","Cloud","2024-03-15 "," Approved "," USD 1,839.56","three-way match complete; cost center 117"
"INV-897974"," ZenithComponents "," Logistics","2024-08-31","Pending ","$6,354.84 "," match to PO required; cost center 115 "
"INV-118902","VertexLogistics","Facility"," 2024-05-01 ","On Hold ","$587.43 ","three-way match complete; cost center 110 "
"INV-118902"," Vertex Logistics "," Facility ","2024-05-01","On Hold"," $587.43","duplicate submit; consolidate in close process"
"INV-339832","Vertex Log. "," Logistics ","2024-07-12"," Pending "," USD 1, 363.46 "," price variance escalated; cost center 112"
"INV-887072","Zenith Components","Software ","2024-01-13 ","Approved "," USD 1, 363.25 ","three-way match complete; cost center 117"
"INV-942051","VertexLogistics "," Hardware"," 2024-07-26 ","Approved "," $9,670.38","three-way match complete; cost center 102"
"INV-235968"," Nova Packg."," Logistics "," 2024-09-28"," Approved","$8,791.81","vendor submitted via portal; cost center 106 "
"INV-172029","Zenith Components "," Hardware","2024-05-09 "," Approved "," $9,778.11 ","pending shipping confirmation; cost center 115"
"INV-123613"," Novapackaging"," Professional Services "," 2024-03-03","Approved","$2,463.03"," pending shipping confirmation; cost center 104"
"INV-627386"," Vertex-Logistics ","Software "," 2024-04-06","On Hold ","$6,277.60","pending shipping confirmation; cost center 103 "
"INV-420129","Helios-Robotics"," Professional Services ","2024-07-21","Approved "," $803.39 "," pending shipping confirmation; cost center 106 "
"INV-452524","Vertex-Logistics "," Hardware"," 2024-02-19 ","Approved "," USD 8,954.78","vendor submitted via portal; cost center 115"
"INV-732103"," Astra Supplies"," Hardware "," 2024-05-19 "," Approved"," $3,909.74 ","three-way match complete; cost center 111 "
"INV-491734"," Vertex Logistics "," Facility "," 2024-08-25","Pending","$9,675.41 ","match to PO required; cost center 117"
"INV-936451","Helios Robotix","Professional Services "," 2024-09-03"," Approved","$3,991.32 "," vendor submitted via portal; cost center 108"
"INV-263329","LumenAnalytic","Professional Services"," 2024-07-25"," Pending "," $7,393.29"," vendor submitted via portal; cost center 112"
"INV-191779","Helios-Robotics "," Professional Services "," 2024-01-16","Pending","USD 7, 446.03 "," requires VAT documentation; cost center 105"
"INV-444156","Zenith-Components","Facility ","2024-02-05"," Pending ","$9,543.79"," price variance escalated; cost center 107"
"INV-435741"," NovaPack"," Cloud "," 2024-01-14"," Approved ","$6,008.70 ","price variance escalated; cost center 115"
"INV-381728","Helios Robotix"," Logistics","2024-02-20","Approved"," $1,924.03 ","price variance escalated; cost center 105"
"INV-959619","Nova-Packaging","Cloud"," 2024-04-06 ","Approved ","$662.57 "," requires VAT documentation; cost center 118 "
"INV-146888"," Helios Robotix","Professional Services"," 2024-03-19 ","Approved "," $6,645.59"," pending shipping confirmation; cost center 118 "
"INV-604720","Zenith-Components","Hardware ","2024-01-07"," Approved ","USD 8,984.95"," pending shipping confirmation; cost center 110 "
"INV-765905","HELIOS ROBOTICS"," Hardware "," 2024-08-03","Approved","$2,826.07 ","vendor submitted via portal; cost center 118"
"INV-334962"," HeliosRobotics","Facility ","2024-01-07 ","Approved","$3,108.90 ","requires VAT documentation; cost center 102"
"INV-334962","HeliosRobotics "," Facility"," 2024-01-07","Approved","$3,108.90","duplicate submit; consolidate in close process "
"INV-335010"," Vtx Logistics ","Cloud"," 2024-02-13","Rejected"," $3,964.92","match to PO required; cost center 107 "
"INV-609842"," VertexLogistics ","Software ","2024-07-10"," Approved ","USD 4, 759.76 "," vendor submitted via portal; cost center 101 "
"INV-357121"," Vtx Logistics","Professional Services ","2024-07-11"," Pending "," $8,340.02","three-way match complete; cost center 108"
"INV-357121"," Vertex Logistics ","Professional Services","2024-07-11","Pending","$8,340.02","duplicate submit; consolidate in close process"
"INV-506580","Zenith Comp. "," Hardware ","2024-01-29 "," Approved","$4,837.21 "," three-way match complete; cost center 106 "
"INV-213759"," Nova-Packaging ","Software"," 2024-07-24 "," Approved ","USD 8,662.42","pending shipping confirmation; cost center 118"
"INV-933205"," Zenith Components","Hardware"," 2024-03-02","Approved","USD 6, 833.97","match to PO required; cost center 101 "
"INV-866708"," AstraSupply","Cloud","2024-06-23","Approved"," USD 3, 577.75 "," price variance escalated; cost center 106"
"INV-195184"," Nova-Packaging ","Software "," 2024-01-20"," Approved","$3,435.78"," match to PO required; cost center 116 "
"INV-195184","NovaPack","Software "," 2024-01-20 "," Approved ","$3,435.78"," duplicate submit; consolidate in close process"
"INV-785532","NovaPack"," Facility "," 2024-06-10"," Approved "," $6,433.01"," vendor submitted via portal; cost center 115"
"INV-231058"," HeliosRobotics"," Logistics ","2024-03-29 "," Rejected ","$8,367.00 "," three-way match complete; cost center 111"
"INV-627483"," Novapackaging","Software"," 2024-09-29","On Hold ","$3,929.92 "," match to PO required; cost center 118 "
"INV-627483"," Nova Packaging","Software"," 2024-09-29"," On Hold ","$3,929.92 "," duplicate submit; consolidate in close process "
"INV-746212","Nova Packg. "," Facility"," 2024-08-20"," Pending ","$5,101.49 "," requires VAT documentation; cost center 101 "
"INV-687348"," Lumen Analytics","Software"," 2024-07-23","Rejected"," $1,839.22","pending shipping confirmation; cost center 111 "
"INV-914018"," HELIOS ROBOTICS"," Cloud "," 2024-08-28"," Approved","USD 8,013.16 ","requires VAT documentation; cost center 117 "
"INV-383241","Zenith Components"," Facility ","2024-04-26 ","Rejected"," $4,410.19"," three-way match complete; cost center 109 "
"INV-872866"," Astra Supplies "," Software "," 2024-08-16","Approved ","USD 6,593.69","three-way match complete; cost center 117 "
"INV-549663","Lumen Analytics "," Logistics"," 2024-09-04"," Approved"," $8,221.90 ","vendor submitted via portal; cost center 112 "
"INV-549663"," Lumen Analytics "," Logistics"," 2024-09-04"," Approved ","$8,221.90 ","duplicate submit; consolidate in close process "
"INV-262394"," Vertex Log. "," Facility","2024-08-12"," Pending "," USD 4, 939.97"," requires VAT documentation; cost center 101 "
"INV-769250","LumenAnalytics","Hardware ","2024-02-28","Pending"," $9,551.16 "," three-way match complete; cost center 113"
"INV-506816"," Astra Supplies ","Logistics ","2024-04-09"," Approved","USD 9, 405.42 "," pending shipping confirmation; cost center 115"
"INV-750993"," Zenith-Components"," Logistics "," 2024-05-31"," Pending","$1,232.01","three-way match complete; cost center 106 "
"INV-856464"," Astra suppl.","Facility","2024-02-01 ","On Hold","$6,787.44 ","three-way match complete; cost center 111 "
"INV-856464","Astra-Supplies ","Facility ","2024-02-01","On Hold"," $6,787.44 ","duplicate submit; consolidate in close process "
"INV-339701"," Vertex Log. "," Hardware ","2024-05-21","Approved","USD 2,895.41 ","match to PO required; cost center 116 "
"INV-285072","Nova Packg.","Cloud ","2024-04-15 "," Approved"," $3,611.60 ","match to PO required; cost center 112"
"INV-910731","Vertex-Logistics"," Software"," 2024-02-09 "," Approved","USD 4, 277.94 ","vendor submitted via portal; cost center 102"
"INV-388956"," Vertex-Logistics "," Hardware ","2024-03-07"," Approved ","$9,177.18","three-way match complete; cost center 118 "
"INV-810711","Nova Packaging "," Hardware"," 2024-03-23"," Approved","$8,346.37"," requires VAT documentation; cost center 111"
"INV-663463"," Vtx Logistics","Logistics"," 2024-06-30 ","Rejected"," $6,395.14","pending shipping confirmation; cost center 117 "
"INV-751522"," Astra-Supplies"," Professional Services"," 2024-06-09 "," Approved "," $1,233.11"," three-way match complete; cost center 100"
"INV-751522"," Astra suppl."," Professional Services ","2024-06-09 "," Approved"," $1,233.11","duplicate submit; consolidate in close process "
"INV-226118"," ZenithComponents ","Facility"," 2024-03-26 ","Pending"," $2,164.75 "," three-way match complete; cost center 101 "
"INV-602181","Helios Robotix "," Professional Services ","2024-07-14 "," Approved "," $1,860.12 ","pending shipping confirmation; cost center 119 "
"INV-127320"," Helios Robotix"," Software"," 2024-05-29 "," Approved "," $6,779.27 "," requires VAT documentation; cost center 100 "
"INV-691811"," HELIOS ROBOTICS","Facility "," 2024-07-26 "," Approved"," $9,529.13","pending shipping confirmation; cost center 108"
"INV-406153","Novapackaging "," Facility ","2024-02-29 "," Rejected ","$7,274.76 ","price variance escalated; cost center 111 "
"INV-622270","Vertex-Logistics "," Logistics"," 2024-04-02","Approved","$9,051.88","three-way match complete; cost center 117 "
"INV-549966","AstraSupply","Logistics"," 2024-01-26","On Hold ","$555.29 ","vendor submitted via portal; cost center 108"
"INV-628174"," Astra suppl. "," Software","2024-04-07 ","Approved ","USD 8, 331.32","vendor submitted via portal; cost center 102"
"INV-575183"," LumenAnalytic ","Hardware"," 2024-07-18"," Approved"," $9,781.65"," three-way match complete; cost center 109"
"INV-400229","Lumen-Analytics"," Cloud","2024-07-15 ","On Hold","USD 1, 290.09"," vendor submitted via portal; cost center 104"
"INV-400229","Lumen-Analytics"," Cloud","2024-07-15","On Hold ","USD 1, 290.09"," duplicate submit; consolidate in close process "
"INV-674491"," Astra suppl. ","Hardware"," 2024-04-22"," Approved ","USD 4,428.18"," pending shipping confirmation; cost center 113"
"INV-693225","LumenAnalytic"," Professional Services ","2024-08-28","Approved ","$1,005.19"," price variance escalated; cost center 114"
"INV-867237"," LumenAnalytics"," Software ","2024-02-24","Approved "," $8,260.01 "," vendor submitted via portal; cost center 113 "
"INV-225353","Lumen-Analytics","Hardware"," 2024-08-31"," Approved","$4,028.90 "," vendor submitted via portal; cost center 115 "
"INV-127536"," Helios Robotix","Facility ","2024-03-10 ","Approved"," $9,625.84"," vendor submitted via portal; cost center 101"
"INV-241446","Zenith-Components "," Professional Services "," 2024-05-09 "," On Hold "," $7,248.05 ","match to PO required; cost center 113"
"INV-921472","VertexLogistics"," Facility ","2024-05-23 ","Approved ","USD 9, 672.96 ","vendor submitted via portal; cost center 104"
"INV-622646","HeliosRobotics","Facility"," 2024-02-11","Rejected ","$7,773.08 ","price variance escalated; cost center 113"
"INV-622646"," HeliosRobotics"," Facility ","2024-02-11 "," Rejected ","$7,773.08","duplicate submit; consolidate in close process "
"INV-555197","Vertex Log. ","Professional Services "," 2024-08-20","On Hold","$9,641.18"," pending shipping confirmation; cost center 110 "
"INV-413479","Astra Supplies","Facility"," 2024-03-13"," Rejected "," USD 7, 419.95 ","requires VAT documentation; cost center 105 "
"INV-644069"," Lumen Analytix"," Professional Services "," 2024-04-04"," Pending ","USD 8, 082.83"," requires VAT documentation; cost center 117"
"INV-623333","Lumen Analytics","Cloud "," 2024-09-28 "," Rejected"," $4,660.65 ","three-way match complete; cost center 110 "
"INV-317113"," Nova-Packaging"," Facility "," 2024-01-26 "," Approved ","$9,887.66 "," match to PO required; cost center 109"
"INV-346406"," ZenithComponents"," Professional Services","2024-06-18","On Hold ","USD 4, 324.52","three-way match complete; cost center 113 "
"INV-441357","Vertex Logistics","Facility","2024-06-20","Pending ","USD 2, 161.27 ","vendor submitted via portal; cost center 101"
"INV-642910"," Zenith Components ","Cloud "," 2024-06-01"," On Hold ","$5,565.63 "," match to PO required; cost center 114 "
"INV-577703"," Helios-Robotics","Hardware"," 2024-01-31 ","Approved "," USD 4, 477.42 ","price variance escalated; cost center 110"
"INV-508170","Vertex Logistics ","Software "," 2024-01-27","On Hold","USD 5, 878.51","pending shipping confirmation; cost center 115"
"INV-566619","LumenAnalytics","Cloud","2024-05-10","Pending","USD 1,657.20"," three-way match complete; cost center 105"
"INV-615784","Nova-Packaging"," Facility ","2024-01-11","Approved"," $3,574.00"," price variance escalated; cost center 118 "
"INV-398826"," VertexLogistics ","Hardware","2024-05-28","On Hold ","USD 5, 700.85 ","match to PO required; cost center 102"
"INV-480665"," Astra Supplies "," Professional Services"," 2024-03-24 "," Approved","$5,188.41 ","vendor submitted via portal; cost center 118"
"INV-480665"," Astra-Supplies "," Professional Services","2024-03-24"," Approved","$5,188.41","duplicate submit; consolidate in close process"
"INV-113061"," ZenithComponents"," Facility"," 2024-07-26 "," Rejected "," USD 8,367.48","match to PO required; cost center 115"
"INV-564593"," Helios Robotix"," Software"," 2024-09-06 ","Approved"," USD 581.84","price variance escalated; cost center 103"
"INV-803840"," LumenAnalytic ","Hardware ","2024-03-21 ","Approved "," $3,387.27","vendor submitted via portal; cost center 108 "
"INV-803840","LumenAnalytic"," Hardware","2024-03-21 "," Approved","$3,387.27 ","duplicate submit; consolidate in close process "
"INV-333139"," Nova-Packaging","Professional Services","2024-08-05 ","Approved","$9,618.71 ","price variance escalated; cost center 112"
"INV-134646"," Zenith-Components","Facility","2024-08-10"," Approved ","USD 8, 571.62 "," three-way match complete; cost center 110"
"INV-323163"," Vtx Logistics"," Logistics ","2024-08-27"," Pending","$5,385.75","match to PO required; cost center 104"
"INV-323163"," Vertex Logistics"," Logistics"," 2024-08-27 ","Pending ","$5,385.75 "," duplicate submit; consolidate in close process"
"INV-223049","Vtx Logistics","Hardware ","2024-08-13 "," Pending "," $1,905.60"," price variance escalated; cost center 104"
"INV-880424","Nova Packg.","Cloud "," 2024-05-23","Rejected"," USD 9, 727.70 ","pending shipping confirmation; cost center 108 "
"INV-957016","Astra suppl. ","Software","2024-08-08"," On Hold","USD 5,421.85 ","requires VAT documentation; cost center 118 "
"INV-353133"," Astra-Supplies","Cloud","2024-09-02","Approved","$889.81 ","pending shipping confirmation; cost center 105"
"INV-995750"," Helios Robotics "," Software ","2024-02-25","Pending ","USD 4, 918.75 ","price variance escalated; cost center 106"
"INV-409611"," Astra Spp"," Logistics","2024-01-05 ","Approved"," USD 6, 815.05"," three-way match complete; cost center 106"
"INV-409611"," Astra suppl. "," Logistics "," 2024-01-05 "," Approved","USD 6, 815.05"," duplicate submit; consolidate in close process "
"INV-720390","Astra suppl."," Logistics "," 2024-06-19 "," Approved","$5,274.06","vendor submitted via portal; cost center 101"
"INV-720390","Astra suppl. ","Logistics","2024-06-19 "," Approved "," $5,274.06"," duplicate submit; consolidate in close process "
"INV-408335"," LumenAnalytics","Cloud"," 2024-09-06","On Hold"," $6,643.67"," pending shipping confirmation; cost center 100 "
"INV-600432","Nova Packaging ","Professional Services "," 2024-01-31","Approved"," $8,001.73","price variance escalated; cost center 100 "
"INV-961672"," Zenith Component "," Software"," 2024-01-10"," On Hold","$6,491.28 "," requires VAT documentation; cost center 116 "
"INV-961672","Zenith Component","Software "," 2024-01-10 ","On Hold ","$6,491.28 ","duplicate submit; consolidate in close process "
"INV-785508"," Vtx Logistics ","Facility ","2024-07-20 "," Approved "," USD 4, 608.08 ","pending shipping confirmation; cost center 110 "
"INV-362399"," Lumen Analytics "," Professional Services"," 2024-04-02","Approved"," USD 8, 450.29 ","price variance escalated; cost center 112 "
"INV-848906","Astra-Supplies "," Facility"," 2024-05-29","Pending "," $3,753.77","vendor submitted via portal; cost center 100"
"INV-860772"," Nova Packaging ","Cloud ","2024-03-19 "," Approved "," $9,102.03","pending shipping confirmation; cost center 114"
"INV-445614","HELIOS ROBOTICS ","Software"," 2024-06-14 ","Approved "," $6,877.79 ","requires VAT documentation; cost center 111 "
"INV-445614"," Helios Robotics","Software ","2024-06-14 ","Approved ","$6,877.79","duplicate submit; consolidate in close process "
"INV-720700","Zenith Comp. "," Professional Services ","2024-07-05 "," Approved"," $6,134.13"," price variance escalated; cost center 114 "
"INV-721506","Vertex Logistics "," Logistics","2024-02-12","Approved ","$3,336.45","requires VAT documentation; cost center 108"
"INV-309226","Vertex Logistics"," Professional Services ","2024-07-26 ","Approved ","USD 2,255.96"," three-way match complete; cost center 105 "
"INV-433615"," LumenAnalytic "," Cloud ","2024-05-05","On Hold ","USD 2,201.04 "," vendor submitted via portal; cost center 104"
"INV-541340","Zenith-Components ","Facility "," 2024-06-15","Rejected ","USD 6, 791.39","price variance escalated; cost center 109 "
"INV-336700","ZenithComponents ","Software "," 2024-08-16","Approved","$2,341.71 ","vendor submitted via portal; cost center 111"
"INV-566643"," Nova Packg. "," Logistics "," 2024-05-27 ","Pending ","USD 2,937.79"," pending shipping confirmation; cost center 106 "
"INV-431764"," NovaPack"," Hardware","2024-07-21 ","Pending "," $8,881.26"," match to PO required; cost center 117 "
"INV-296048","LumenAnalytic "," Software "," 2024-09-19"," Pending ","$8,293.44"," match to PO required; cost center 107 "
"INV-720921","Vertex Logistics ","Software "," 2024-08-05"," Approved ","$4,578.36 ","vendor submitted via portal; cost center 108 "
"INV-545970","LumenAnalytics ","Cloud ","2024-01-26 "," Pending ","$1,993.48 "," price variance escalated; cost center 106"
"INV-962781"," NovaPack "," Professional Services","2024-02-11 "," Pending "," $8,589.58 "," requires VAT documentation; cost center 100 "
"INV-791518","Zenith Components"," Cloud "," 2024-07-30 "," Approved","USD 3, 434.05"," three-way match complete; cost center 113"
"INV-934226","Vertex Log."," Logistics","2024-04-15","On Hold "," USD 6,765.82 ","three-way match complete; cost center 114"
"INV-547480","Helios Robotix","Cloud "," 2024-05-25"," Approved "," $8,699.71 ","pending shipping confirmation; cost center 109 "
"INV-738291"," Vertex Logistics"," Professional Services ","2024-02-02 "," Rejected","$1,590.44 ","price variance escalated; cost center 100"
"INV-669524","VertexLogistics"," Hardware ","2024-05-11","Approved ","$1,252.94"," requires VAT documentation; cost center 104 "
"INV-819732","Vertex Logistics "," Facility "," 2024-09-14"," Approved"," $5,189.58 ","vendor submitted via portal; cost center 116 "
"INV-686679"," Astra-Supplies "," Professional Services "," 2024-05-26"," Pending "," USD 2,214.29"," three-way match complete; cost center 100 "
"INV-686679","Astra-Supplies "," Professional Services ","2024-05-26 "," Pending ","USD 2,214.29 ","duplicate submit; consolidate in close process "
"INV-829977"," Vtx Logistics"," Facility","2024-07-22","Pending ","USD 2, 094.04 ","requires VAT documentation; cost center 118"
"INV-157192","Lumen Analytix ","Professional Services ","2024-01-02 "," Approved"," USD 6,238.25 "," match to PO required; cost center 103 "
"INV-518219","Zenith Comp.","Hardware"," 2024-04-30 ","On Hold ","USD 7,145.73 ","requires VAT documentation; cost center 119"
"INV-861440"," NovaPack ","Facility"," 2024-04-05","Approved "," USD 647.79"," three-way match complete; cost center 107 "
"INV-960776","Helios Robotics "," Logistics"," 2024-09-22","Rejected ","USD 7,212.24 "," vendor submitted via portal; cost center 110 "
"INV-877402","Vertex-Logistics ","Hardware"," 2024-06-24","Approved ","$1,591.75"," vendor submitted via portal; cost center 116 "
"INV-515148","LumenAnalytics "," Cloud "," 2024-08-31","On Hold "," $6,692.75 "," vendor submitted via portal; cost center 101"
"INV-694707"," Helios Robotix ","Software ","2024-08-28"," Pending ","USD 7, 339.48 "," requires VAT documentation; cost center 101"
"INV-282988"," LumenAnalytics ","Professional Services ","2024-06-11 "," Approved"," USD 3, 517.99","pending shipping confirmation; cost center 104"
"INV-380797","Zenith Component ","Facility "," 2024-02-26 ","Approved ","$8,969.91 "," match to PO required; cost center 111"
"INV-680738","Vtx Logistics"," Facility ","2024-09-01 "," Approved ","$5,002.02 "," match to PO required; cost center 108 "
"INV-243356"," Helios Robotix ","Logistics","2024-04-26 ","Rejected "," $507.67 "," pending shipping confirmation; cost center 115"
"INV-218144","Vertex-Logistics "," Software "," 2024-06-22 "," Rejected"," USD 9,723.52 ","pending shipping confirmation; cost center 102"
"INV-759067","Astra Supplies ","Logistics","2024-05-25","Pending ","$5,743.90 ","match to PO required; cost center 101"
"INV-796313","Vtx Logistics "," Cloud ","2024-04-20 "," Pending","$3,585.11 ","vendor submitted via portal; cost center 117"
"INV-397857"," Zenith Comp. "," Logistics"," 2024-06-03 ","Approved","$6,171.02 "," requires VAT documentation; cost center 107 "
"INV-391989"," NovaPack "," Logistics ","2024-09-26","Pending ","USD 2,800.08"," three-way match complete; cost center 113"
"INV-568444","NovaPack"," Logistics"," 2024-01-09 ","Rejected"," $741.38 "," match to PO required; cost center 102 "
"INV-426973"," LumenAnalytic ","Hardware ","2024-07-04","Pending","$9,394.29","requires VAT documentation; cost center 111 "
"INV-274205","Astra Supplies","Cloud ","2024-03-27 ","Approved ","USD 5,111.76"," match to PO required; cost center 108"
"INV-101561","NovaPack ","Software","2024-04-29 ","Approved ","USD 6, 500.96 "," vendor submitted via portal; cost center 118"
"INV-467122"," Zenith Component","Professional Services "," 2024-08-11 "," Approved "," USD 2, 174.12 "," vendor submitted via portal; cost center 111 "
"INV-893347"," Lumen Analytix ","Logistics "," 2024-05-26","Approved ","$2,562.46"," price variance escalated; cost center 107"
"INV-613351","Novapackaging"," Cloud ","2024-03-08"," Approved "," $9,224.71 "," requires VAT documentation; cost center 102"
"INV-720519","Helios Robotix","Software","2024-06-12 ","Approved ","$3,114.66","match to PO required; cost center 119"
"INV-803443","Lumen-Analytics "," Facility"," 2024-09-29 "," Approved ","$2,388.50 "," pending shipping confirmation; cost center 114 "
"INV-883006","Vtx Logistics "," Professional Services ","2024-02-28","On Hold "," $4,655.67 "," pending shipping confirmation; cost center 104 "
"INV-613575"," Vertex Logistics ","Hardware "," 2024-09-22 "," Approved ","USD 5, 053.27 ","three-way match complete; cost center 116"
"INV-649079","Vtx Logistics"," Logistics"," 2024-04-12"," Approved","$2,521.36 ","pending shipping confirmation; cost center 115"
"INV-856151","HeliosRobotics"," Professional Services ","2024-04-18","Pending"," $7,256.08","pending shipping confirmation; cost center 118"
"INV-318931","Zenith Components "," Cloud","2024-09-21","Approved "," $4,651.28 ","vendor submitted via portal; cost center 103 "
"INV-499828","Vertex-Logistics","Professional Services","2024-01-25","Pending","USD 3, 155.58 "," match to PO required; cost center 100"
"INV-609625","Zenith Comp.","Hardware"," 2024-04-29","Approved "," $3,128.97 ","match to PO required; cost center 116"
"INV-278397","Astra suppl. ","Logistics","2024-09-11 "," On Hold "," USD 892.88 ","three-way match complete; cost center 117 "
"INV-312383","Helios Robotics"," Software ","2024-01-04"," Rejected ","USD 7, 687.49","requires VAT documentation; cost center 116 "
"INV-596753","HELIOS ROBOTICS"," Logistics","2024-04-30 ","Approved"," $3,120.78 ","pending shipping confirmation; cost center 104"
"INV-453055","Zenith Comp."," Software","2024-02-22","Approved","$6,132.65 "," pending shipping confirmation; cost center 101 "
"INV-506416","Novapackaging "," Hardware"," 2024-09-16 ","Approved","USD 3, 330.05"," three-way match complete; cost center 104"
"INV-824486","Lumen Analytix","Facility","2024-07-10"," On Hold","$3,980.53 ","match to PO required; cost center 106"
"INV-172286","Nova-Packaging","Logistics"," 2024-02-18"," Pending"," $7,794.09 ","requires VAT documentation; cost center 119 "
"INV-687618"," VertexLogistics","Software "," 2024-02-20","Approved "," USD 606.49 ","three-way match complete; cost center 113 "
"INV-769980","Astra suppl. "," Logistics "," 2024-03-06","On Hold","$1,058.19","vendor submitted via portal; cost center 109"
"INV-451982"," Nova Packg."," Logistics","2024-04-21 ","Approved"," $1,278.64 ","vendor submitted via portal; cost center 101"
"INV-356162","LumenAnalytics "," Hardware ","2024-04-08","Pending "," $9,496.86 "," pending shipping confirmation; cost center 101 "
"INV-521204"," HELIOS ROBOTICS","Hardware "," 2024-06-11"," On Hold","$9,945.07","pending shipping confirmation; cost center 115 "
"INV-183226","LumenAnalytics","Professional Services "," 2024-09-25 "," Approved ","USD 6, 361.45 ","vendor submitted via portal; cost center 100"
"INV-449726","Helios Robotix ","Hardware","2024-02-08"," Pending "," $7,578.70","match to PO required; cost center 104"
"INV-871540"," Helios Robotix ","Facility "," 2024-06-27 ","Approved "," USD 4, 113.94"," pending shipping confirmation; cost center 117 "
"INV-733884"," Astra-Supplies "," Facility ","2024-05-26 "," Pending ","$8,973.43 ","match to PO required; cost center 105"
"INV-473701","Vertex Logistics "," Cloud "," 2024-06-12 ","Approved","USD 817.60","three-way match complete; cost center 101 "
"INV-200262"," VertexLogistics"," Professional Services "," 2024-08-26 "," Approved","USD 4,001.15"," pending shipping confirmation; cost center 113"
"INV-108046"," Lumen-Analytics"," Logistics ","2024-09-20"," Rejected","USD 9, 303.70"," pending shipping confirmation; cost center 114"
"INV-623688","Nova Packg. "," Software","2024-01-27 ","Pending "," $1,398.33 "," three-way match complete; cost center 109 "
"INV-484087"," LumenAnalytics"," Cloud","2024-04-21","Approved"," $1,101.91 ","three-way match complete; cost center 108"
"INV-816459"," Nova Packg.","Hardware"," 2024-01-31 ","Pending "," $7,329.73 ","requires VAT documentation; cost center 119"
"INV-310738","ZenithComponents "," Logistics","2024-03-18"," Pending"," $9,025.41 ","match to PO required; cost center 119"
"INV-879292"," Lumen-Analytics"," Cloud","2024-06-05 ","Pending"," USD 3, 533.13 "," three-way match complete; cost center 102 "
"INV-191109","Nova-Packaging"," Cloud "," 2024-02-24 ","Approved "," $8,655.55 "," price variance escalated; cost center 114 "
"INV-998719"," AstraSupply "," Facility","2024-01-13"," On Hold"," $9,910.42"," vendor submitted via portal; cost center 117 "
"INV-660823"," LumenAnalytic ","Logistics ","2024-08-03"," Pending","USD 4,609.27 ","match to PO required; cost center 107"
"INV-367366","Helios Robotics "," Cloud"," 2024-01-27 ","Pending"," $4,557.97 "," match to PO required; cost center 106"
"INV-967168"," Lumen-Analytics"," Logistics "," 2024-07-23 "," Approved"," $5,441.85","requires VAT documentation; cost center 110 "
"INV-732168","VertexLogistics","Software "," 2024-02-10 "," Rejected ","USD 2, 631.77"," vendor submitted via portal; cost center 103 "
"INV-701650"," LumenAnalytics "," Logistics","2024-03-18 ","Pending"," USD 1, 823.87","three-way match complete; cost center 117 "
"INV-721635"," Nova-Packaging","Logistics","2024-07-24 ","Approved"," $7,100.96 "," three-way match complete; cost center 103 "
"INV-347159","Zenith Component","Logistics ","2024-08-12"," Approved","USD 3,165.98 "," price variance escalated; cost center 100 "
"INV-944357"," Lumen Analytix ","Software ","2024-08-13 "," Approved "," USD 7,210.71"," requires VAT documentation; cost center 118 "
"INV-422843"," HELIOS ROBOTICS"," Hardware"," 2024-04-16","Approved"," USD 7, 401.66"," requires VAT documentation; cost center 107 "
"INV-258710","Zenith Components "," Logistics "," 2024-09-21"," Approved "," $1,724.72 "," vendor submitted via portal; cost center 108"
"INV-582718","LumenAnalytics"," Software "," 2024-02-25"," Approved "," $3,832.41 ","requires VAT documentation; cost center 111"
"INV-582718","Lumen Analytics","Software "," 2024-02-25 ","Approved "," $3,832.41","duplicate submit; consolidate in close process"
"INV-425971","Astra Supplies"," Logistics "," 2024-02-13"," On Hold ","$635.84"," price variance escalated; cost center 118"
"INV-770558"," Vertex Log. "," Software","2024-07-14","Approved"," $3,303.37 "," pending shipping confirmation; cost center 106"
"INV-752261","Astra-Supplies","Cloud ","2024-05-20"," Rejected"," USD 7, 774.23","match to PO required; cost center 111 "
"INV-697307","Vtx Logistics ","Logistics"," 2024-05-30","Approved ","USD 3,498.63"," requires VAT documentation; cost center 115 "
"INV-352106","Zenith Component"," Facility "," 2024-06-30 "," Approved","$8,097.79 ","pending shipping confirmation; cost center 109 "
"INV-788607","Astra Supplies","Hardware ","2024-04-02 ","Approved"," USD 3, 602.27","three-way match complete; cost center 107"
"INV-138209","Zenith-Components ","Cloud"," 2024-03-05 "," On Hold","USD 7, 127.41"," vendor submitted via portal; cost center 110 "
"INV-203945","AstraSupply "," Logistics"," 2024-08-17 "," Pending "," USD 8, 558.45"," match to PO required; cost center 101"
"INV-936871","HeliosRobotics","Software"," 2024-05-27","Approved ","$6,742.98","three-way match complete; cost center 118 "
"INV-927647"," Helios Robotix","Professional Services "," 2024-09-02","Pending "," $2,872.90","requires VAT documentation; cost center 101"
"INV-733633"," Astra suppl.","Cloud ","2024-08-02"," Approved","USD 9, 723.21 "," vendor submitted via portal; cost center 112"
"INV-923562","Helios Robotix ","Logistics"," 2024-04-26"," Rejected","$4,078.38 ","vendor submitted via portal; cost center 107"
"INV-706547","Vtx Logistics "," Software","2024-02-24 "," On Hold ","$8,887.15 "," three-way match complete; cost center 106"
"INV-951352","Lumen Analytics"," Cloud "," 2024-07-11 ","Rejected"," USD 1, 855.87"," vendor submitted via portal; cost center 101"
"INV-598337","Helios Robotix "," Facility","2024-06-02","Approved ","$4,367.45 "," requires VAT documentation; cost center 118 "
"INV-290203"," Nova Packaging"," Hardware "," 2024-06-24 ","On Hold "," $9,956.30"," three-way match complete; cost center 111 "
"INV-724472"," LumenAnalytic"," Hardware "," 2024-04-14 "," Approved ","USD 3, 438.44 ","vendor submitted via portal; cost center 113 "
"INV-333090","Lumen-Analytics"," Cloud"," 2024-09-02 ","Approved ","$5,125.66"," pending shipping confirmation; cost center 116 "
"INV-660894"," Helios Robotics"," Logistics "," 2024-04-06 "," Pending"," USD 1,380.07 ","pending shipping confirmation; cost center 119 "
"INV-875154"," HeliosRobotics ","Professional Services"," 2024-02-29 "," Approved "," $3,727.56","pending shipping confirmation; cost center 107"
"INV-842532","Lumen Analytics"," Logistics"," 2024-03-22"," Approved","$3,364.54","three-way match complete; cost center 116 "
"INV-917307","LumenAnalytics"," Professional Services"," 2024-01-15 "," Approved ","$4,908.45"," match to PO required; cost center 104"
"INV-958695","Helios Robotics "," Software "," 2024-06-26 "," Rejected ","$4,302.81","match to PO required; cost center 103"
"INV-393069","Zenith Comp."," Professional Services"," 2024-02-15 "," Pending ","USD 4,330.83 "," pending shipping confirmation; cost center 103"
"INV-844644","ZenithComponents ","Software "," 2024-02-05 ","On Hold","USD 9,489.98 "," pending shipping confirmation; cost center 101 "
"INV-110488"," Helios Robotix "," Facility "," 2024-07-03 ","Approved"," USD 3,493.38 ","vendor submitted via portal; cost center 107 "
"INV-260859","Helios Robotics","Logistics","2024-03-16","Pending","$9,833.98 "," match to PO required; cost center 108 "
"INV-518287","Vertex Logistics "," Logistics"," 2024-07-31 ","On Hold ","$4,353.37","price variance escalated; cost center 115 "
"INV-659611"," Vtx Logistics","Facility "," 2024-06-03","Pending ","$9,478.53 ","three-way match complete; cost center 116 "
"INV-795277","Vertex Log. ","Software"," 2024-06-30"," Pending "," $9,414.79 ","pending shipping confirmation; cost center 101 "
"INV-376579","HeliosRobotics"," Professional Services","2024-04-26"," Approved"," USD 3,763.73"," three-way match complete; cost center 110 "
"INV-405943","HeliosRobotics"," Software"," 2024-03-30"," Pending"," $8,385.01","requires VAT documentation; cost center 109 "
"INV-899056","Novapackaging "," Software "," 2024-03-14"," Approved","$6,758.53","three-way match complete; cost center 118"
"INV-365040","Vtx Logistics ","Professional Services","2024-01-31 "," Approved","USD 6, 225.97"," match to PO required; cost center 114"
"INV-365040","Vertex Logistics"," Professional Services ","2024-01-31 ","Approved ","USD 6, 225.97 "," duplicate submit; consolidate in close process"
"INV-115519","Helios Robotics "," Professional Services ","2024-04-23","Approved","USD 2, 671.25","pending shipping confirmation; cost center 118"
"INV-379523","Nova-Packaging "," Logistics ","2024-02-10 ","On Hold "," $9,681.12"," pending shipping confirmation; cost center 112"
"INV-932801","ZenithComponents","Logistics ","2024-06-24 "," Approved "," USD 687.29"," requires VAT documentation; cost center 110"
"INV-935254"," Nova Packaging"," Professional Services"," 2024-09-10"," Pending "," $3,323.82 ","requires VAT documentation; cost center 106 "
"INV-935254","Nova Packaging","Professional Services ","2024-09-10","Pending","$3,323.82 ","duplicate submit; consolidate in close process "
"INV-456983","Helios Robotix","Cloud ","2024-07-30 "," Approved"," $6,850.50","pending shipping confirmation; cost center 119"
"INV-456983","HELIOS ROBOTICS","Cloud","2024-07-30","Approved ","$6,850.50 "," duplicate submit; consolidate in close process "
"INV-725188"," Zenith Component","Professional Services "," 2024-01-07"," Pending","USD 4,429.28"," pending shipping confirmation; cost center 118 "
"INV-965417"," Lumen Analytix"," Facility ","2024-02-01 "," Approved","USD 9, 944.88","pending shipping confirmation; cost center 109 "
"INV-133404"," Lumen-Analytics ","Professional Services "," 2024-03-05","Approved"," $5,523.09"," requires VAT documentation; cost center 103"
"INV-133404"," Lumen Analytix","Professional Services "," 2024-03-05","Approved","$5,523.09 "," duplicate submit; consolidate in close process"
"INV-599495"," Nova-Packaging"," Cloud"," 2024-09-23","Approved ","$8,678.90","vendor submitted via portal; cost center 100"
"INV-599495","Nova-Packaging"," Cloud "," 2024-09-23"," Approved"," $8,678.90"," duplicate submit; consolidate in close process"
"INV-483228"," Nova-Packaging "," Software"," 2024-02-07 ","Approved ","USD 7, 663.11 "," match to PO required; cost center 103"
"INV-499419"," Astra-Supplies ","Software"," 2024-08-04","On Hold ","$8,896.32"," match to PO required; cost center 113"
"INV-994050"," Lumen-Analytics "," Facility "," 2024-03-14"," Approved","$8,469.32"," price variance escalated; cost center 106"
"INV-540607"," Lumen-Analytics ","Logistics"," 2024-03-28 ","Approved ","$8,830.96"," three-way match complete; cost center 117 "
"INV-320639"," Lumen Analytix"," Professional Services"," 2024-06-25 ","Rejected","$3,383.17","vendor submitted via portal; cost center 116 "
"INV-686237"," Zenith Component ","Software "," 2024-06-05","Pending "," USD 8, 236.65 ","vendor submitted via portal; cost center 101 "
"INV-291348","Astra Supplies "," Facility ","2024-07-20"," Approved","USD 1, 922.87 "," vendor submitted via portal; cost center 114"
"INV-554857"," LumenAnalytic ","Logistics ","2024-03-26 "," Pending "," $2,763.44 ","match to PO required; cost center 104 "
"INV-679196"," Astra Supplies "," Professional Services ","2024-09-21","Rejected","USD 1,707.67 ","pending shipping confirmation; cost center 119 "
"INV-679196","AstraSupply ","Professional Services "," 2024-09-21 "," Rejected "," USD 1,707.67","duplicate submit; consolidate in close process"
"INV-884135"," Lumen Analytix","Software "," 2024-03-22","Pending"," $5,967.53 "," pending shipping confirmation; cost center 104"
"INV-823835"," Zenith Components"," Professional Services "," 2024-08-11 ","Approved","$8,408.60 ","price variance escalated; cost center 114 "
"INV-626138"," Nova Packg. ","Facility"," 2024-06-30 ","On Hold ","USD 6,175.90 "," three-way match complete; cost center 103 "
"INV-797099"," Nova Packg. ","Professional Services "," 2024-07-19"," Approved","USD 4, 014.93","price variance escalated; cost center 103 "
"INV-905291"," Astra suppl. ","Logistics ","2024-05-25"," Approved","$643.04","price variance escalated; cost center 109"
"INV-905291","Astra Supplies","Logistics"," 2024-05-25"," Approved ","$643.04","duplicate submit; consolidate in close process"
"INV-722754"," Zenith Comp. ","Professional Services","2024-08-20 "," Rejected "," $1,224.35 ","vendor submitted via portal; cost center 101"
"INV-651723","Helios-Robotics"," Software","2024-05-01 ","Approved ","USD 832.09","requires VAT documentation; cost center 104"
"INV-484278","Nova-Packaging","Software ","2024-06-03 "," Approved "," $9,928.72"," vendor submitted via portal; cost center 101"
"INV-325199","LumenAnalytic"," Facility","2024-05-08","Pending ","USD 3, 130.93","pending shipping confirmation; cost center 116 "
"INV-350760","Novapackaging"," Facility"," 2024-05-14"," Approved ","USD 5, 447.74 "," pending shipping confirmation; cost center 108 "
"INV-119551","Vertex Logistics "," Cloud ","2024-06-28"," Pending ","$7,817.28 ","vendor submitted via portal; cost center 104"
"INV-594290"," Nova-Packaging "," Hardware","2024-05-24 "," Approved","$6,870.47","requires VAT documentation; cost center 116"
"INV-514164","Zenith Components "," Hardware ","2024-08-03"," On Hold"," USD 9,985.99","match to PO required; cost center 110"
"INV-923682","Helios-Robotics"," Hardware"," 2024-09-26 ","Approved","USD 2, 121.76 ","pending shipping confirmation; cost center 104 "
"INV-953664","Zenith Component","Hardware"," 2024-09-25 "," Approved "," USD 4,751.80 ","match to PO required; cost center 118"
"INV-477296","Helios Robotix "," Cloud "," 2024-03-18","Approved ","$5,588.02","match to PO required; cost center 102"
"INV-477296","HeliosRobotics"," Cloud ","2024-03-18 ","Approved "," $5,588.02 ","duplicate submit; consolidate in close process "
"INV-683877","Lumen Analytics","Software "," 2024-02-29"," Approved","$5,863.27 "," vendor submitted via portal; cost center 112"
"INV-683877","Lumen Analytix "," Software","2024-02-29"," Approved"," $5,863.27"," duplicate submit; consolidate in close process "
"INV-114787","Vertex Logistics ","Cloud "," 2024-06-15","Pending ","USD 9, 136.69 "," three-way match complete; cost center 110"
"INV-745098","Astra-Supplies","Professional Services "," 2024-05-27 "," Pending"," $1,731.22 "," match to PO required; cost center 103"
"INV-745098","Astra Spp "," Professional Services"," 2024-05-27 ","Pending"," $1,731.22 ","duplicate submit; consolidate in close process"
"INV-325920","Astra Supplies","Logistics"," 2024-08-07"," Approved","USD 2, 930.21 ","requires VAT documentation; cost center 109 "
"INV-831502","LumenAnalytic"," Cloud"," 2024-06-26"," Approved ","$9,744.36"," vendor submitted via portal; cost center 101"
"INV-571657","Nova-Packaging"," Logistics "," 2024-04-23","Approved "," $5,323.40 "," match to PO required; cost center 119"
"INV-752484"," HELIOS ROBOTICS","Facility","2024-05-08 ","Approved "," USD 6, 385.44 ","match to PO required; cost center 107"
"INV-520887","Helios Robotics "," Cloud"," 2024-06-07","Approved","$5,896.10 ","requires VAT documentation; cost center 117"
"INV-751286"," Astra Supplies ","Logistics "," 2024-01-22 "," Approved "," USD 717.41 ","price variance escalated; cost center 118"
"INV-668897","HeliosRobotics "," Logistics"," 2024-08-05"," On Hold"," $7,762.85 "," match to PO required; cost center 108 "
"INV-469074"," ZenithComponents ","Cloud"," 2024-01-22 ","Approved "," USD 7,199.94 "," vendor submitted via portal; cost center 107"
"INV-119367","Astra-Supplies ","Software"," 2024-09-16","On Hold"," $6,807.73","price variance escalated; cost center 118"
"INV-788707"," Astra Spp ","Hardware ","2024-07-17 ","Approved"," USD 8,316.69"," vendor submitted via portal; cost center 105"
"INV-163038","Helios-Robotics "," Cloud "," 2024-05-04","Approved "," USD 9, 995.46 ","match to PO required; cost center 112 "
"INV-650328"," LumenAnalytic "," Facility"," 2024-01-02"," Approved","USD 5,740.31"," requires VAT documentation; cost center 116 "
"INV-141231"," Astra Supplies","Hardware "," 2024-01-06 "," Approved "," $7,762.03 "," pending shipping confirmation; cost center 110 "
"INV-690956"," Astra Supplies"," Hardware"," 2024-05-04 ","Approved "," $6,084.64","vendor submitted via portal; cost center 107"
"INV-149422"," Helios-Robotics ","Cloud","2024-03-04","Approved "," USD 7, 229.56"," pending shipping confirmation; cost center 103"
"INV-897800","Lumen Analytix"," Professional Services "," 2024-02-19 "," Pending "," USD 9,422.12"," match to PO required; cost center 105 "
"INV-307592"," Helios-Robotics"," Cloud","2024-08-09 ","Approved"," $8,162.00","pending shipping confirmation; cost center 104"
"INV-307109"," Zenith Component","Cloud "," 2024-08-07"," Approved"," USD 7, 855.41"," match to PO required; cost center 104"
"INV-916757"," Vertex Logistics ","Software "," 2024-02-29 "," Approved"," $1,940.42 ","price variance escalated; cost center 115 "
"INV-532486","Vertex Logistics"," Logistics "," 2024-02-18"," Approved"," $3,508.11 ","price variance escalated; cost center 104"
"INV-665016","Helios Robotix"," Hardware "," 2024-04-02","On Hold","$2,605.74 "," requires VAT documentation; cost center 100"
"INV-639842"," HELIOS ROBOTICS","Logistics","2024-06-21"," Approved "," $9,482.32 "," three-way match complete; cost center 101 "
"INV-493036"," Lumen-Analytics","Logistics"," 2024-01-21 ","Approved","$5,291.57 ","pending shipping confirmation; cost center 116"
"INV-264049","Vtx Logistics"," Cloud"," 2024-01-12 "," Approved "," $8,890.13 "," requires VAT documentation; cost center 118 "
"INV-951423","Astra Supplies","Hardware"," 2024-03-05"," Approved "," $7,358.85","three-way match complete; cost center 103 "
"INV-790670","Lumen Analytix ","Facility "," 2024-02-22"," Approved ","USD 3,231.08 "," match to PO required; cost center 102"
"INV-485474"," Vtx Logistics ","Professional Services","2024-05-24 ","Approved"," $736.52 "," requires VAT documentation; cost center 101"
"INV-508012"," Astra Spp "," Software "," 2024-09-02","Pending"," $7,612.45 "," price variance escalated; cost center 111"
"INV-791396"," AstraSupply "," Professional Services "," 2024-08-21 ","Approved"," USD 9,664.69 "," vendor submitted via portal; cost center 117"
"INV-679842"," LumenAnalytic","Software"," 2024-05-11"," Approved"," $8,935.60"," pending shipping confirmation; cost center 105 "
"INV-717546"," Vertex Log. "," Facility ","2024-02-23 "," Pending"," $9,021.12 "," match to PO required; cost center 111 "
"INV-782819"," Vertex Log.","Logistics "," 2024-08-25 "," Pending","$9,014.45 "," match to PO required; cost center 118 "
"INV-854030"," VertexLogistics ","Hardware"," 2024-04-07 ","Rejected"," $7,921.74 "," pending shipping confirmation; cost center 118 "
"INV-854030","Vertex Log. ","Hardware ","2024-04-07 "," Rejected"," $7,921.74","duplicate submit; consolidate in close process "
"INV-623427","Zenith Components "," Logistics","2024-05-10 "," Rejected"," $4,744.27"," requires VAT documentation; cost center 115 "
"INV-516781","Vertex Log. "," Logistics "," 2024-02-15"," Pending","USD 9, 635.76"," match to PO required; cost center 107 "
"INV-516781"," VertexLogistics "," Logistics"," 2024-02-15 ","Pending","USD 9, 635.76","duplicate submit; consolidate in close process "
"INV-179225"," Zenith Comp. "," Facility ","2024-01-02 ","On Hold "," USD 3, 717.32"," match to PO required; cost center 113"
"INV-245678","Zenith Component"," Facility ","2024-03-28 "," Pending ","$3,832.99 "," match to PO required; cost center 119 "
"INV-363683"," Nova Packaging"," Software","2024-08-18 "," Approved","$8,682.81 "," three-way match complete; cost center 118"
"INV-661222"," AstraSupply","Logistics"," 2024-06-12 ","Approved "," $1,917.12","three-way match complete; cost center 103"
"INV-530335"," HeliosRobotics"," Software","2024-03-04 ","Pending "," $8,064.79 "," vendor submitted via portal; cost center 119"
"INV-637601","VertexLogistics ","Facility"," 2024-07-04","Pending"," $2,109.53 "," requires VAT documentation; cost center 111 "
"INV-660522","Nova Packg."," Facility ","2024-09-15 "," On Hold "," USD 8,953.27"," requires VAT documentation; cost center 100 "
"INV-517509","HELIOS ROBOTICS ","Facility "," 2024-09-11 "," Approved","USD 5, 773.05 "," match to PO required; cost center 117 "
"INV-268461"," LumenAnalytics"," Hardware"," 2024-04-24","Approved","$2,018.99"," pending shipping confirmation; cost center 110"
"INV-933811","Zenith Component "," Logistics ","2024-02-09","Approved "," $7,460.23 "," vendor submitted via portal; cost center 114"
"INV-791927"," Zenith Components ","Hardware","2024-02-18"," Rejected "," $6,135.41","vendor submitted via portal; cost center 118 "
"INV-102741","Vtx Logistics "," Facility","2024-06-20 "," Pending ","$4,799.36","vendor submitted via portal; cost center 106"
"INV-551072"," Vertex Log. "," Professional Services"," 2024-08-17 ","Approved","$6,834.58"," pending shipping confirmation; cost center 103 "
"INV-128913"," AstraSupply","Facility"," 2024-07-05"," Pending "," $5,509.01"," price variance escalated; cost center 110"
"INV-700498"," Lumen Analytix"," Software ","2024-05-07"," Approved ","$7,955.75 ","requires VAT documentation; cost center 112"
"INV-878109","Helios Robotics "," Software"," 2024-04-30","On Hold "," $7,760.83 ","three-way match complete; cost center 109 "
"INV-418631","LumenAnalytic "," Logistics","2024-09-10"," Approved"," $748.04 "," three-way match complete; cost center 117"
"INV-438907"," Nova Packg. ","Facility "," 2024-03-20"," Approved"," USD 2,006.37 "," requires VAT documentation; cost center 106"
"INV-289208"," Vertex-Logistics ","Professional Services","2024-04-12 "," Approved"," USD 8,032.55 ","vendor submitted via portal; cost center 118 "
"INV-657030","Astra Spp"," Software"," 2024-04-18","Approved","$3,865.61 "," vendor submitted via portal; cost center 112"
"INV-816495"," Zenith Comp.","Cloud ","2024-09-09"," Approved"," $5,017.52"," vendor submitted via portal; cost center 102 "
"INV-494250"," AstraSupply "," Facility","2024-04-01 ","Pending","USD 9,925.59 "," vendor submitted via portal; cost center 110 "
"INV-140917"," Helios-Robotics","Facility ","2024-08-08","Pending "," $2,005.46 ","match to PO required; cost center 112 "
"INV-234911"," NovaPack "," Logistics ","2024-04-30"," Approved "," USD 7,542.76 ","match to PO required; cost center 100 "
"INV-502422","Helios Robotics","Software ","2024-08-31","Pending"," $5,111.50 "," match to PO required; cost center 118"
"INV-945933","Astra-Supplies"," Professional Services ","2024-01-19 "," Approved ","USD 7,001.10 "," three-way match complete; cost center 116"
"INV-946699"," Novapackaging"," Professional Services ","2024-08-02 "," On Hold","$4,131.20 "," three-way match complete; cost center 100"
"INV-761226"," Vtx Logistics","Professional Services "," 2024-05-09","Approved "," $7,005.12"," requires VAT documentation; cost center 102"
"INV-515663","HeliosRobotics ","Hardware ","2024-04-09"," Pending","$1,690.12 "," requires VAT documentation; cost center 108 "
"INV-930441"," Novapackaging","Software"," 2024-09-04","Approved "," USD 2, 626.83"," pending shipping confirmation; cost center 104 "
"INV-736399","AstraSupply"," Cloud "," 2024-01-24 ","Approved","$4,786.22 ","vendor submitted via portal; cost center 119 "
"INV-954706","Lumen-Analytics","Cloud"," 2024-03-27 ","Approved "," $7,032.58 "," requires VAT documentation; cost center 113 "
"INV-793366"," Nova Packaging","Facility "," 2024-08-25 "," Approved "," USD 5,906.09"," pending shipping confirmation; cost center 102"
"INV-660801","Astra Spp "," Facility ","2024-03-09 ","Approved "," $3,063.59 ","match to PO required; cost center 100"
"INV-217860","Nova Packg. ","Logistics "," 2024-07-17 ","On Hold ","USD 8, 606.20 ","price variance escalated; cost center 113"
"INV-778829","Helios Robotics"," Cloud "," 2024-01-24"," Approved "," USD 2,490.56"," match to PO required; cost center 108 "
"INV-942510"," Helios Robotics ","Software","2024-03-04 ","Approved ","USD 6,964.59 ","price variance escalated; cost center 101"
"INV-570206"," LumenAnalytics "," Logistics "," 2024-02-21 "," On Hold "," $6,140.28"," price variance escalated; cost center 119"
"INV-720599"," Vertex Log."," Hardware"," 2024-05-10 "," On Hold","USD 1, 102.21","pending shipping confirmation; cost center 103"
"INV-530109","AstraSupply "," Facility ","2024-02-11","Pending ","$2,467.22","match to PO required; cost center 105 "
"INV-511950"," Zenith Comp. "," Professional Services","2024-04-15"," Approved "," $9,528.30","match to PO required; cost center 114"
"INV-178158"," Zenith Components","Logistics ","2024-04-11 ","Approved "," $1,694.89","three-way match complete; cost center 116"
"INV-780646"," Helios-Robotics "," Facility "," 2024-01-11 "," On Hold","USD 2, 161.67","pending shipping confirmation; cost center 119 "
"INV-780646","HeliosRobotics","Facility ","2024-01-11 "," On Hold","USD 2, 161.67 ","duplicate submit; consolidate in close process "
"INV-346197","HeliosRobotics ","Facility"," 2024-04-30","Pending","USD 5, 716.81 ","vendor submitted via portal; cost center 104"
"INV-638034","Astra-Supplies ","Professional Services ","2024-05-07","Approved"," $5,893.34","requires VAT documentation; cost center 103"
"INV-407399","Vtx Logistics"," Software"," 2024-03-14 "," Rejected ","USD 8,407.55"," vendor submitted via portal; cost center 113"
"INV-662140"," AstraSupply ","Facility"," 2024-09-13"," Pending ","$8,176.54"," requires VAT documentation; cost center 112"
"INV-175326","Nova Packg."," Logistics ","2024-07-25","On Hold","USD 3, 431.04 "," price variance escalated; cost center 116 "
"INV-217557"," Helios-Robotics","Facility "," 2024-07-05"," Approved ","$5,618.86"," pending shipping confirmation; cost center 107"
"INV-516218","LumenAnalytic ","Professional Services "," 2024-04-07"," Approved "," USD 8, 574.04","price variance escalated; cost center 108"
"INV-516218"," Lumen Analytix"," Professional Services"," 2024-04-07"," Approved ","USD 8, 574.04","duplicate submit; consolidate in close process"
"INV-869386"," Nova Packg. ","Logistics","2024-08-02 "," Approved"," $6,404.64 ","pending shipping confirmation; cost center 100"
"INV-699660","Vertex-Logistics"," Facility"," 2024-07-15 "," Approved ","$1,137.26","three-way match complete; cost center 105"
"INV-539010"," Helios Robotix"," Logistics","2024-04-12 "," Rejected "," $8,690.67"," price variance escalated; cost center 103"
"INV-508204"," Zenith Component ","Cloud "," 2024-02-24 "," On Hold"," $4,382.40","three-way match complete; cost center 118"
"INV-776318"," Vtx Logistics ","Facility"," 2024-01-23"," Approved","$5,823.80 ","pending shipping confirmation; cost center 117 "
"INV-686347"," Helios-Robotics","Logistics","2024-06-20"," Approved","USD 5, 340.27","match to PO required; cost center 116 "
"INV-168683"," Vertex-Logistics"," Hardware","2024-02-13 ","Pending "," $1,183.89 "," three-way match complete; cost center 107"
"INV-100960","HeliosRobotics","Logistics","2024-07-10 ","Approved ","USD 8, 132.45 "," three-way match complete; cost center 107"
"INV-823423","Zenith Component"," Professional Services"," 2024-03-17"," Approved "," $6,499.40 "," match to PO required; cost center 119"
"INV-368349","Astra Spp ","Facility "," 2024-04-14 ","On Hold"," $2,056.91 ","match to PO required; cost center 115"
"INV-927544","Nova Packaging","Software","2024-05-13 ","Pending"," USD 3,341.19 ","match to PO required; cost center 107 "
"INV-198602"," Vtx Logistics","Facility"," 2024-06-27 ","Approved"," USD 4, 021.86"," requires VAT documentation; cost center 108"
"INV-936842"," Zenith Component "," Logistics","2024-09-08 "," Pending "," $5,559.67"," pending shipping confirmation; cost center 109 "
"INV-839376"," Vtx Logistics "," Facility ","2024-01-09 "," Approved ","$4,690.81"," vendor submitted via portal; cost center 101 "
"INV-616374"," Helios Robotics"," Facility"," 2024-02-16","Pending ","$6,925.31","three-way match complete; cost center 115"
"INV-263011"," Zenith Comp.","Facility ","2024-01-11","Pending","$3,438.18 ","requires VAT documentation; cost center 102 "
"INV-814701","Vertex Logistics"," Software","2024-09-29 "," Approved "," USD 2, 051.94 "," vendor submitted via portal; cost center 108"
"INV-563445","Nova Packg. ","Facility "," 2024-06-10","Approved ","USD 7,883.21 ","requires VAT documentation; cost center 109"
"INV-561195","Vertex-Logistics"," Hardware ","2024-06-17 "," On Hold","$2,625.58 ","price variance escalated; cost center 117"
"INV-731478","Lumen Analytics"," Hardware ","2024-01-11","Approved"," USD 8, 725.39","requires VAT documentation; cost center 105"
"INV-440693","Astra Supplies "," Hardware","2024-05-11"," Rejected ","$5,235.40 "," vendor submitted via portal; cost center 114"
"INV-157639"," Vertex Log. "," Cloud "," 2024-04-02 "," Approved"," $8,848.11 ","price variance escalated; cost center 104 "
"INV-157639"," Vtx Logistics ","Cloud","2024-04-02 ","Approved"," $8,848.11 "," duplicate submit; consolidate in close process"
"INV-468245"," Zenith Component "," Logistics"," 2024-08-28"," On Hold","USD 4,505.51 "," requires VAT documentation; cost center 107 "
"INV-468245","Zenith-Components ","Logistics","2024-08-28","On Hold"," USD 4,505.51","duplicate submit; consolidate in close process"
"INV-977847"," HELIOS ROBOTICS "," Cloud"," 2024-02-06 "," Pending"," $9,138.75"," pending shipping confirmation; cost center 114"
"INV-722867"," Helios-Robotics","Professional Services "," 2024-06-12"," Pending "," USD 7, 965.67","pending shipping confirmation; cost center 103 "
"INV-859831"," Zenith Component ","Facility"," 2024-02-11 ","Approved","$739.61"," vendor submitted via portal; cost center 117 "
"INV-282290"," LumenAnalytics"," Hardware"," 2024-02-20","Rejected"," USD 2, 251.71","match to PO required; cost center 102"
"INV-544367","Vertex Logistics","Facility"," 2024-03-01 ","Approved ","$6,814.51 "," vendor submitted via portal; cost center 101"
"INV-463352"," LumenAnalytic","Cloud ","2024-04-06 ","Approved","$2,857.47"," pending shipping confirmation; cost center 116"
"INV-995862"," Astra Supplies","Logistics ","2024-07-25","Pending ","$7,253.85 "," price variance escalated; cost center 114 "
"INV-140210"," Helios-Robotics ","Logistics ","2024-04-21 ","Pending "," $698.51"," requires VAT documentation; cost center 113"
"INV-809893"," Helios Robotix ","Professional Services"," 2024-06-08","Approved ","USD 7, 942.11","match to PO required; cost center 109"
"INV-915699"," Lumen Analytix "," Professional Services"," 2024-03-21 "," Pending"," $8,400.99 "," three-way match complete; cost center 119 "
"INV-265185","Astra Spp ","Software ","2024-01-24 ","Approved ","USD 6,826.76"," three-way match complete; cost center 113"
"INV-134271"," Zenith Components","Facility "," 2024-03-21"," Approved","$7,901.93 ","pending shipping confirmation; cost center 118 "
"INV-340870"," Zenith-Components","Facility"," 2024-08-15","Pending","USD 4, 497.18 "," vendor submitted via portal; cost center 101"
"INV-428048","Vertex-Logistics","Logistics","2024-04-29"," Approved","USD 3, 819.12 ","three-way match complete; cost center 118"
"INV-592538","Lumen Analytics"," Logistics "," 2024-07-13 "," Rejected ","$4,495.50"," match to PO required; cost center 100 "
"INV-997650","Helios-Robotics "," Cloud","2024-09-26 ","On Hold","$5,357.63"," three-way match complete; cost center 110 "
"INV-506192","Astra-Supplies ","Hardware","2024-08-22 ","Approved ","$3,557.00"," pending shipping confirmation; cost center 118 "
"INV-522901"," Helios Robotics"," Software ","2024-07-24 ","Approved","$3,658.54"," three-way match complete; cost center 109 "
"INV-936364"," HeliosRobotics"," Logistics ","2024-07-26"," Approved"," $7,002.80"," vendor submitted via portal; cost center 108 "
"INV-997139"," Lumen-Analytics"," Facility","2024-08-06 ","Approved "," $8,724.19"," price variance escalated; cost center 113 "
"INV-891239","Astra Spp","Logistics ","2024-06-05 "," Approved"," $3,144.68"," price variance escalated; cost center 119 "
"INV-479277","Astra suppl. "," Facility"," 2024-06-03","Approved ","USD 9,456.73"," vendor submitted via portal; cost center 110 "
"INV-298376"," Nova Packaging"," Hardware "," 2024-09-02 ","Rejected"," $2,413.59","vendor submitted via portal; cost center 104"
"INV-288771"," HeliosRobotics ","Software"," 2024-07-05 ","Pending"," USD 637.97"," three-way match complete; cost center 106 "
"INV-275401","Lumen Analytics "," Professional Services"," 2024-05-13 "," Rejected "," $5,286.55 ","vendor submitted via portal; cost center 105 "
"INV-798020","HeliosRobotics"," Cloud","2024-02-14"," Rejected ","$2,383.56 "," vendor submitted via portal; cost center 113 "
"INV-833530","Vtx Logistics "," Professional Services"," 2024-08-06","Approved "," USD 503.27"," price variance escalated; cost center 108 "
"INV-833530","Vertex Logistics","Professional Services ","2024-08-06"," Approved ","USD 503.27 "," duplicate submit; consolidate in close process "
"INV-375516"," LumenAnalytics"," Professional Services ","2024-08-08 "," Approved ","$3,974.05","price variance escalated; cost center 101 "
"INV-375516","Lumen Analytics","Professional Services"," 2024-08-08 "," Approved"," $3,974.05","duplicate submit; consolidate in close process "
"INV-103506"," Novapackaging ","Software "," 2024-09-14 ","Pending"," USD 8, 518.48 "," requires VAT documentation; cost center 119"
"INV-965943","Helios-Robotics "," Cloud","2024-08-09 "," Pending "," $9,564.67"," vendor submitted via portal; cost center 107"
"INV-284662","Astra suppl.","Professional Services "," 2024-05-21"," Approved ","$8,710.46 ","price variance escalated; cost center 106 "
"INV-196154","LumenAnalytics"," Hardware","2024-05-17 ","Approved ","USD 2,206.94 ","vendor submitted via portal; cost center 107 "
"INV-115747"," HeliosRobotics","Logistics ","2024-03-27 ","Pending ","USD 1,423.60 "," pending shipping confirmation; cost center 108"
"INV-830637"," NovaPack "," Professional Services ","2024-02-09 ","Rejected "," USD 8, 052.34","requires VAT documentation; cost center 109"
"INV-840719"," Nova Packaging ","Hardware","2024-03-20 ","Rejected "," USD 2,142.11","vendor submitted via portal; cost center 104"
"INV-228714"," NovaPack"," Cloud","2024-06-06","Approved ","USD 7, 098.10 "," requires VAT documentation; cost center 104"
"INV-416001"," Nova Packg. ","Hardware "," 2024-06-21 ","Approved ","$3,841.66"," requires VAT documentation; cost center 106 "
"INV-734385"," Lumen Analytix "," Hardware"," 2024-07-16"," Approved","$6,292.70 "," price variance escalated; cost center 116 "
"INV-704762","Helios Robotix ","Cloud ","2024-01-23","On Hold ","USD 4, 448.50"," match to PO required; cost center 119"
"INV-223662","Nova Packaging "," Logistics"," 2024-01-20","Approved ","$6,187.85 ","price variance escalated; cost center 104 "
"INV-172304","Lumen Analytix","Hardware","2024-05-01","Approved"," $9,398.38 ","pending shipping confirmation; cost center 114 "
"INV-734928","Helios-Robotics","Cloud "," 2024-01-17 "," Approved "," $3,747.25","match to PO required; cost center 104"