timestamp,location,sensor,value
2023-12-31T18:48:00.000Z,zone-d,humidity,52.7
2023-12-31T22:51:00.000Z,zone-c,pressure,1008.6
2023-12-31T23:00:00.000Z,zone-a,temperature,15.5
2024-01-01T00:05:00.000Z,zone-d,pressure,994
2024-01-01T01:14:00.000Z,zone-c,light,107.2
2024-01-01T01:24:00.000Z,zone-a,humidity,44.6
2024-01-01T01:49:00.000Z,zone-a,pressure,992.5
2024-01-01T04:04:00.000Z,zone-b,temperature,20.5
2024-01-01T05:35:00.000Z,zone-b,humidity,53.7
2024-01-01T07:34:00.000Z,zone-b,pressure,999.1
2024-01-01T10:51:00.000Z,zone-c,temperature,32.1
2024-01-01T11:15:00.000Z,zone-a,light,875.3
2024-01-01T12:48:00.000Z,zone-c,humidity,62.1
2024-01-01T13:51:00.000Z,zone-d,temperature,20.4
2024-01-01T16:51:00.000Z,zone-d,light,121.1
2024-01-01T17:19:00.000Z,zone-b,light,312.5
2024-01-01T19:26:00.000Z,zone-c,light,164.7
2024-01-01T19:56:00.000Z,zone-d,temperature,25.1
2024-01-01T20:00:00.000Z,zone-b,temperature,19.4
2024-01-01T22:48:00.000Z,zone-b,pressure,1005.7
2024-01-02T01:16:00.000Z,zone-c,humidity,45.8
2024-01-02T04:13:00.000Z,zone-b,light,179.6
2024-01-02T04:14:00.000Z,zone-d,humidity,56.8
2024-01-02T06:10:00.000Z,zone-a,pressure,1010
2024-01-02T06:51:00.000Z,zone-a,light,154.7
2024-01-02T07:10:00.000Z,zone-c,pressure,1011.1
2024-01-02T07:12:00.000Z,zone-c,temperature,20.7
2024-01-02T07:23:00.000Z,zone-a,temperature,16.4
2024-01-02T11:06:00.000Z,zone-d,light,267.8
2024-01-02T11:28:00.000Z,zone-b,humidity,76.5
2024-01-02T12:16:00.000Z,zone-a,humidity,71.6
2024-01-02T14:35:00.000Z,zone-d,pressure,998.1
2024-01-02T20:24:00.000Z,zone-c,temperature,16.1
2024-01-02T23:24:00.000Z,zone-c,light,668.1
2024-01-03T01:39:00.000Z,zone-d,light,439.3
2024-01-03T02:13:00.000Z,zone-b,light,306.6
2024-01-03T05:50:00.000Z,zone-b,humidity,53.9
2024-01-03T06:13:00.000Z,zone-a,light,808
2024-01-03T08:53:00.000Z,zone-a,humidity,78.2
2024-01-03T09:04:00.000Z,zone-d,humidity,45.9
2024-01-03T09:13:00.000Z,zone-c,pressure,1017.1
2024-01-03T09:43:00.000Z,zone-a,pressure,1007.6
2024-01-03T10:05:00.000Z,zone-a,temperature,33.6
2024-01-03T11:38:00.000Z,zone-c,humidity,33
2024-01-03T13:49:00.000Z,zone-d,temperature,26.9
2024-01-03T15:02:00.000Z,zone-d,pressure,1014.8
2024-01-03T15:06:00.000Z,zone-b,pressure,1009.1
2024-01-03T15:37:00.000Z,zone-b,temperature,34.7
2024-01-03T20:31:00.000Z,zone-a,light,694.2
2024-01-03T22:20:00.000Z,zone-d,pressure,1013.9
2024-01-03T22:58:00.000Z,zone-c,temperature,33.1
2024-01-03T23:18:00.000Z,zone-a,pressure,995.9
2024-01-04T00:20:00.000Z,zone-c,humidity,36.8
2024-01-04T02:09:00.000Z,zone-d,temperature,31.2
2024-01-04T04:15:00.000Z,zone-c,light,339.9
2024-01-04T06:48:00.000Z,zone-d,light,133.3
2024-01-04T07:07:00.000Z,zone-b,temperature,22.2
2024-01-04T07:16:00.000Z,zone-b,light,111
2024-01-04T10:48:00.000Z,zone-c,pressure,990
2024-01-04T10:55:00.000Z,zone-a,temperature,34.6
2024-01-04T13:21:00.000Z,zone-b,humidity,53
2024-01-04T14:11:00.000Z,zone-b,pressure,1017
2024-01-04T17:51:00.000Z,zone-a,humidity,38.4
2024-01-04T17:51:00.000Z,zone-d,humidity,41.7
2024-01-04T19:00:00.000Z,zone-b,light,397.9
2024-01-04T19:41:00.000Z,zone-d,light,661.9
2024-01-04T21:06:00.000Z,zone-a,humidity,30.2
2024-01-04T21:47:00.000Z,zone-a,pressure,1000.8
2024-01-05T00:49:00.000Z,zone-d,humidity,79.4
2024-01-05T01:10:00.000Z,zone-d,pressure,1010.9
2024-01-05T01:17:00.000Z,zone-b,temperature,31
2024-01-05T02:43:00.000Z,zone-b,humidity,58.5
2024-01-05T03:29:00.000Z,zone-c,temperature,16.6
2024-01-05T05:22:00.000Z,zone-d,temperature,24
2024-01-05T10:31:00.000Z,zone-b,pressure,1008.8
2024-01-05T10:36:00.000Z,zone-a,light,737.9
2024-01-05T11:05:00.000Z,zone-c,humidity,30.9
2024-01-05T11:29:00.000Z,zone-c,light,218.9
2024-01-05T16:09:00.000Z,zone-c,pressure,1018.1
2024-01-05T17:51:00.000Z,zone-a,temperature,19.3
2024-01-05T19:48:00.000Z,zone-a,temperature,15.9
2024-01-06T03:16:00.000Z,zone-d,temperature,28.1
2024-01-06T03:18:00.000Z,zone-a,pressure,1008.4
2024-01-06T04:25:00.000Z,zone-c,light,453.4
2024-01-06T05:18:00.000Z,zone-d,pressure,994.3
2024-01-06T05:31:00.000Z,zone-b,pressure,997
2024-01-06T05:39:00.000Z,zone-b,temperature,22.4
2024-01-06T06:30:00.000Z,zone-d,light,706.3
2024-01-06T06:58:00.000Z,zone-c,temperature,20.4
2024-01-06T07:02:00.000Z,zone-b,light,842.2
2024-01-06T07:31:00.000Z,zone-a,humidity,61.6
2024-01-06T07:53:00.000Z,zone-c,humidity,60
2024-01-06T08:57:00.000Z,zone-a,light,416.3
2024-01-06T10:36:00.000Z,zone-b,humidity,35.2
2024-01-06T11:57:00.000Z,zone-d,humidity,35
2024-01-06T13:33:00.000Z,zone-c,pressure,1011.1
2024-01-06T19:01:00.000Z,zone-d,temperature,19.7
2024-01-06T19:27:00.000Z,zone-c,light,200.9
2024-01-06T19:47:00.000Z,zone-a,humidity,42.2
2024-01-07T00:36:00.000Z,zone-a,pressure,1012.7
2024-01-07T07:27:00.000Z,zone-c,humidity,78.7
2024-01-07T09:16:00.000Z,zone-b,light,416.6
2024-01-07T09:28:00.000Z,zone-a,light,412.7
2024-01-07T09:29:00.000Z,zone-d,humidity,76.6
2024-01-07T09:38:00.000Z,zone-d,light,436.4
2024-01-07T11:53:00.000Z,zone-b,pressure,991.6
2024-01-07T12:05:00.000Z,zone-c,pressure,1009.2
2024-01-07T12:45:00.000Z,zone-b,temperature,28.2
2024-01-07T14:52:00.000Z,zone-d,pressure,1014.5
2024-01-07T16:59:00.000Z,zone-a,temperature,32.2
2024-01-07T17:03:00.000Z,zone-c,temperature,17.9
2024-01-07T18:00:00.000Z,zone-b,humidity,35.2
2024-01-07T21:23:00.000Z,zone-a,temperature,29.2
2024-01-07T22:53:00.000Z,zone-d,pressure,994.8
2024-01-07T23:26:00.000Z,zone-b,pressure,998.2
2024-01-08T01:58:00.000Z,zone-d,light,313.5
2024-01-08T04:08:00.000Z,zone-c,humidity,43.1
2024-01-08T05:31:00.000Z,zone-a,pressure,1011.5
2024-01-08T05:40:00.000Z,zone-a,light,169.9
2024-01-08T06:44:00.000Z,zone-c,pressure,1014.3
2024-01-08T06:54:00.000Z,zone-b,temperature,21
2024-01-08T07:12:00.000Z,zone-d,humidity,78.6
2024-01-08T08:29:00.000Z,zone-a,humidity,66.7
2024-01-08T08:43:00.000Z,zone-b,humidity,31.6
2024-01-08T08:58:00.000Z,zone-b,light,664.8
2024-01-08T11:50:00.000Z,zone-c,temperature,26.1
2024-01-08T15:10:00.000Z,zone-c,light,645.8
2024-01-08T18:27:00.000Z,zone-d,temperature,16.5
2024-01-08T20:44:00.000Z,zone-c,light,189.4
2024-01-08T20:48:00.000Z,zone-b,temperature,26.4
2024-01-08T21:50:00.000Z,zone-a,humidity,77.4
2024-01-08T22:05:00.000Z,zone-a,temperature,21.2
2024-01-09T01:35:00.000Z,zone-d,temperature,18.9
2024-01-09T03:24:00.000Z,zone-d,humidity,31
2024-01-09T04:00:00.000Z,zone-c,pressure,1013.1
2024-01-09T04:40:00.000Z,zone-b,pressure,1012.5
2024-01-09T06:20:00.000Z,zone-a,pressure,1017.2
2024-01-09T06:57:00.000Z,zone-a,light,522
2024-01-09T07:58:00.000Z,zone-b,humidity,33.7
2024-01-09T08:28:00.000Z,zone-c,humidity,38.2
2024-01-09T09:17:00.000Z,zone-d,pressure,993.7
2024-01-09T09:19:00.000Z,zone-b,light,813.9
2024-01-09T11:35:00.000Z,zone-d,light,429.6
2024-01-09T18:19:00.000Z,zone-c,temperature,23.6
2024-01-09T19:30:00.000Z,zone-d,light,118.6
2024-01-09T20:23:00.000Z,zone-b,temperature,21.9
2024-01-09T21:21:00.000Z,zone-c,temperature,19.8
2024-01-10T02:18:00.000Z,zone-d,temperature,25.3
2024-01-10T02:44:00.000Z,zone-a,light,438.5
2024-01-10T04:55:00.000Z,zone-a,pressure,991.1
2024-01-10T05:37:00.000Z,zone-a,temperature,29.8
2024-01-10T06:32:00.000Z,zone-a,humidity,34.4
2024-01-10T07:55:00.000Z,zone-d,pressure,1018.6
2024-01-10T09:07:00.000Z,zone-b,pressure,1005.1
2024-01-10T09:45:00.000Z,zone-b,humidity,74.3
2024-01-10T10:12:00.000Z,zone-b,light,692.2
2024-01-10T10:21:00.000Z,zone-d,humidity,58.3
2024-01-10T10:44:00.000Z,zone-c,light,390.1
2024-01-10T11:13:00.000Z,zone-c,humidity,33
2024-01-10T16:21:00.000Z,zone-c,pressure,991.8
2024-01-10T18:55:00.000Z,zone-b,humidity,43.2
2024-01-10T19:37:00.000Z,zone-c,light,794.3
2024-01-10T19:41:00.000Z,zone-d,humidity,79.6
2024-01-10T23:14:00.000Z,zone-a,pressure,1002.4
2024-01-11T00:05:00.000Z,zone-a,light,244.8
2024-01-11T00:32:00.000Z,zone-b,temperature,28.3
2024-01-11T01:18:00.000Z,zone-b,pressure,994.2
2024-01-11T02:08:00.000Z,zone-d,temperature,32.7
2024-01-11T03:53:00.000Z,zone-a,temperature,20.9
2024-01-11T07:51:00.000Z,zone-a,humidity,76.3
2024-01-11T12:54:00.000Z,zone-c,humidity,77.3
2024-01-11T13:15:00.000Z,zone-c,temperature,32.8
2024-01-11T14:10:00.000Z,zone-b,light,291.1
2024-01-11T16:48:00.000Z,zone-d,pressure,1008.5
2024-01-11T18:16:00.000Z,zone-d,light,309.5
2024-01-11T18:29:00.000Z,zone-c,pressure,994
2024-01-11T19:11:00.000Z,zone-a,light,662.3
2024-01-11T20:23:00.000Z,zone-a,humidity,48.5
2024-01-11T20:41:00.000Z,zone-b,temperature,28.4
2024-01-11T23:41:00.000Z,zone-c,humidity,49.6
2024-01-12T01:12:00.000Z,zone-c,light,376.6
2024-01-12T02:04:00.000Z,zone-c,temperature,19.3
2024-01-12T04:25:00.000Z,zone-b,pressure,996.4
2024-01-12T04:27:00.000Z,zone-d,humidity,61.1
2024-01-12T04:32:00.000Z,zone-a,temperature,31.3
2024-01-12T04:41:00.000Z,zone-b,humidity,65.4
2024-01-12T06:39:00.000Z,zone-d,temperature,32.6
2024-01-12T10:52:00.000Z,zone-d,pressure,990.8
2024-01-12T12:18:00.000Z,zone-d,light,461.2
2024-01-12T15:43:00.000Z,zone-c,pressure,990.5
2024-01-12T16:02:00.000Z,zone-a,pressure,996.4
2024-01-12T17:33:00.000Z,zone-b,light,488
2024-01-12T21:09:00.000Z,zone-c,pressure,1003
2024-01-12T21:17:00.000Z,zone-d,pressure,990.7
2024-01-12T21:48:00.000Z,zone-c,light,279.4
2024-01-12T22:51:00.000Z,zone-a,light,747.4
2024-01-13T00:08:00.000Z,zone-d,humidity,61.4
2024-01-13T01:18:00.000Z,zone-c,temperature,18.8
2024-01-13T05:40:00.000Z,zone-c,humidity,47
2024-01-13T06:05:00.000Z,zone-a,pressure,1012
2024-01-13T08:54:00.000Z,zone-b,temperature,19.4
2024-01-13T09:11:00.000Z,zone-b,humidity,64.5
2024-01-13T09:57:00.000Z,zone-b,pressure,995
2024-01-13T11:16:00.000Z,zone-a,humidity,38.8
2024-01-13T11:17:00.000Z,zone-d,light,540.9
2024-01-13T12:51:00.000Z,zone-b,light,600.7
2024-01-13T13:09:00.000Z,zone-a,temperature,23.2
2024-01-13T17:30:00.000Z,zone-d,temperature,19.8
2024-01-13T22:30:00.000Z,zone-a,pressure,1014.7
2024-01-13T22:38:00.000Z,zone-b,temperature,29.5
2024-01-13T22:44:00.000Z,zone-c,light,348.5
2024-01-13T23:00:00.000Z,zone-c,humidity,72.6
2024-01-13T23:26:00.000Z,zone-d,humidity,37.8
2024-01-14T02:16:00.000Z,zone-c,temperature,19.8
2024-01-14T02:33:00.000Z,zone-d,pressure,1002.4
2024-01-14T02:40:00.000Z,zone-d,temperature,24.3
2024-01-14T03:30:00.000Z,zone-d,light,570.1
2024-01-14T07:56:00.000Z,zone-a,temperature,27.6
2024-01-14T10:16:00.000Z,zone-b,light,807
2024-01-14T12:49:00.000Z,zone-b,humidity,39.3
2024-01-14T13:48:00.000Z,zone-c,pressure,997
2024-01-14T15:53:00.000Z,zone-a,light,188.2
2024-01-14T16:02:00.000Z,zone-b,pressure,1018.8
2024-01-14T18:16:00.000Z,zone-a,humidity,31.6
2024-01-14T19:25:00.000Z,zone-c,pressure,1013.2
2024-01-14T21:14:00.000Z,zone-b,temperature,22.2
2024-01-15T00:42:00.000Z,zone-b,pressure,1018.8
2024-01-15T02:01:00.000Z,zone-b,humidity,44.2
2024-01-15T03:12:00.000Z,zone-d,pressure,1009.6
2024-01-15T05:06:00.000Z,zone-d,temperature,26.7
2024-01-15T07:02:00.000Z,zone-a,light,709.9
2024-01-15T08:23:00.000Z,zone-a,temperature,30.7
2024-01-15T09:01:00.000Z,zone-a,pressure,1012.1
2024-01-15T09:36:00.000Z,zone-c,humidity,58.9
2024-01-15T10:39:00.000Z,zone-c,light,565.2
2024-01-15T12:07:00.000Z,zone-d,light,653.7
2024-01-15T14:40:00.000Z,zone-a,humidity,74.3
2024-01-15T14:48:00.000Z,zone-c,temperature,22
2024-01-15T14:55:00.000Z,zone-d,humidity,69.5
2024-01-15T15:51:00.000Z,zone-b,light,484.1
2024-01-15T19:30:00.000Z,zone-b,humidity,78.6
2024-01-15T20:18:00.000Z,zone-a,pressure,1013.7
2024-01-15T21:51:00.000Z,zone-b,pressure,990.5
2024-01-15T22:58:00.000Z,zone-c,humidity,55.4
2024-01-15T23:34:00.000Z,zone-c,temperature,29.5
2024-01-15T23:50:00.000Z,zone-c,light,699
2024-01-16T05:19:00.000Z,zone-d,light,644.2
2024-01-16T05:52:00.000Z,zone-d,humidity,30.7
2024-01-16T07:29:00.000Z,zone-a,light,412
2024-01-16T08:50:00.000Z,zone-a,humidity,65
2024-01-16T09:05:00.000Z,zone-d,pressure,1010.7
2024-01-16T09:38:00.000Z,zone-a,temperature,25.4
2024-01-16T12:17:00.000Z,zone-b,light,358.5
2024-01-16T12:36:00.000Z,zone-b,temperature,26.6
2024-01-16T14:27:00.000Z,zone-d,temperature,28.1
2024-01-16T17:52:00.000Z,zone-c,pressure,993.3
2024-01-16T21:45:00.000Z,zone-d,light,380.7
2024-01-17T00:42:00.000Z,zone-a,pressure,992.2
2024-01-17T00:43:00.000Z,zone-c,temperature,25.9
2024-01-17T01:37:00.000Z,zone-a,temperature,15.8
2024-01-17T01:44:00.000Z,zone-c,light,523.8
2024-01-17T02:16:00.000Z,zone-b,temperature,27.2
2024-01-17T06:01:00.000Z,zone-c,pressure,993.9
2024-01-17T07:58:00.000Z,zone-b,pressure,999.6
2024-01-17T10:09:00.000Z,zone-d,humidity,55.6
2024-01-17T11:29:00.000Z,zone-d,temperature,31.4
2024-01-17T11:56:00.000Z,zone-c,humidity,72.5
2024-01-17T12:51:00.000Z,zone-b,light,506.4
2024-01-17T13:02:00.000Z,zone-a,humidity,57.4
2024-01-17T13:31:00.000Z,zone-a,light,860
2024-01-17T14:49:00.000Z,zone-d,pressure,997.5
2024-01-17T16:05:00.000Z,zone-b,humidity,74.6
2024-01-17T18:47:00.000Z,zone-b,humidity,78.7
2024-01-17T21:03:00.000Z,zone-a,humidity,50.7
2024-01-17T21:23:00.000Z,zone-b,temperature,24.5
2024-01-18T00:21:00.000Z,zone-a,pressure,1012
2024-01-18T02:33:00.000Z,zone-d,pressure,995.9
2024-01-18T04:44:00.000Z,zone-b,light,219.3
2024-01-18T05:04:00.000Z,zone-c,light,637.1
2024-01-18T07:16:00.000Z,zone-a,light,829.2
2024-01-18T09:54:00.000Z,zone-c,pressure,1001.6
2024-01-18T10:40:00.000Z,zone-c,humidity,41.5
2024-01-18T13:49:00.000Z,zone-d,temperature,29.5
2024-01-18T13:51:00.000Z,zone-d,humidity,70.2
2024-01-18T15:05:00.000Z,zone-d,light,349.6
2024-01-18T16:41:00.000Z,zone-a,temperature,27.9
2024-01-18T16:41:00.000Z,zone-b,pressure,1006.8
2024-01-18T17:48:00.000Z,zone-c,temperature,28.5
2024-01-18T19:07:00.000Z,zone-c,temperature,16.2
2024-01-18T20:54:00.000Z,zone-d,pressure,1012.6
2024-01-18T22:27:00.000Z,zone-a,light,806.2
2024-01-18T22:42:00.000Z,zone-d,light,634.6
2024-01-18T23:54:00.000Z,zone-a,humidity,54.1
2024-01-19T00:07:00.000Z,zone-b,light,226.6
2024-01-19T00:47:00.000Z,zone-b,temperature,23.3
2024-01-19T02:38:00.000Z,zone-c,humidity,32.5
2024-01-19T10:27:00.000Z,zone-a,pressure,1014
2024-01-19T10:34:00.000Z,zone-a,temperature,28.9
2024-01-19T11:13:00.000Z,zone-b,humidity,30.4
2024-01-19T11:41:00.000Z,zone-c,pressure,992.8
2024-01-19T12:31:00.000Z,zone-d,temperature,25.2
2024-01-19T16:57:00.000Z,zone-c,light,413
2024-01-19T17:17:00.000Z,zone-d,humidity,36.7
2024-01-19T17:45:00.000Z,zone-b,pressure,993.7
2024-01-19T19:57:00.000Z,zone-b,humidity,37
2024-01-19T22:03:00.000Z,zone-a,pressure,1011.7
2024-01-19T22:45:00.000Z,zone-a,light,376.9
2024-01-20T05:04:00.000Z,zone-b,light,575.2
2024-01-20T05:32:00.000Z,zone-b,pressure,1008.3
2024-01-20T07:01:00.000Z,zone-b,temperature,25
2024-01-20T08:12:00.000Z,zone-a,humidity,53.2
2024-01-20T09:08:00.000Z,zone-d,light,742.1
2024-01-20T09:47:00.000Z,zone-a,temperature,16.2
2024-01-20T11:37:00.000Z,zone-d,temperature,23.3
2024-01-20T11:39:00.000Z,zone-c,temperature,22.1
2024-01-20T12:39:00.000Z,zone-d,humidity,42
2024-01-20T13:39:00.000Z,zone-c,humidity,55.7
2024-01-20T15:09:00.000Z,zone-d,pressure,993.2
2024-01-20T15:49:00.000Z,zone-c,light,389.6
2024-01-20T15:56:00.000Z,zone-c,pressure,997.9
2024-01-20T21:23:00.000Z,zone-a,temperature,20
2024-01-20T21:41:00.000Z,zone-b,pressure,994.1
2024-01-20T23:12:00.000Z,zone-d,light,553.9
2024-01-21T02:55:00.000Z,zone-a,pressure,991.7
2024-01-21T03:13:00.000Z,zone-d,humidity,50.7
2024-01-21T03:39:00.000Z,zone-b,humidity,32
2024-01-21T05:13:00.000Z,zone-b,light,384.3
2024-01-21T05:59:00.000Z,zone-c,temperature,19.4
2024-01-21T06:42:00.000Z,zone-c,pressure,990.1
2024-01-21T07:34:00.000Z,zone-b,temperature,17.1
2024-01-21T12:05:00.000Z,zone-d,pressure,1011.3
2024-01-21T13:05:00.000Z,zone-a,humidity,77.7
2024-01-21T13:28:00.000Z,zone-c,humidity,47.4
2024-01-21T15:56:00.000Z,zone-d,temperature,31.1
2024-01-21T17:02:00.000Z,zone-a,light,366.2
2024-01-21T17:57:00.000Z,zone-c,light,728.1
2024-01-21T19:17:00.000Z,zone-a,light,436.8
2024-01-21T19:56:00.000Z,zone-b,temperature,17.3
2024-01-21T20:43:00.000Z,zone-b,humidity,71.5
2024-01-21T20:51:00.000Z,zone-c,temperature,17.7
2024-01-21T20:56:00.000Z,zone-d,light,504.4
2024-01-21T21:25:00.000Z,zone-a,temperature,22.1
2024-01-21T21:33:00.000Z,zone-c,humidity,33.9
2024-01-22T01:09:00.000Z,zone-d,humidity,34.3
2024-01-22T01:27:00.000Z,zone-d,pressure,1011
2024-01-22T03:34:00.000Z,zone-a,pressure,1013.3
2024-01-22T04:40:00.000Z,zone-b,pressure,1019.3
2024-01-22T13:05:00.000Z,zone-c,light,746
2024-01-22T13:40:00.000Z,zone-d,temperature,22
2024-01-22T13:41:00.000Z,zone-c,pressure,1012.5
2024-01-22T15:19:00.000Z,zone-a,humidity,43.1
2024-01-22T16:02:00.000Z,zone-b,light,200.9
2024-01-22T23:12:00.000Z,zone-d,temperature,34.6
2024-01-22T23:56:00.000Z,zone-b,humidity,37.3
2024-01-23T00:01:00.000Z,zone-b,light,530.8
2024-01-23T00:59:00.000Z,zone-a,temperature,30.5
2024-01-23T06:04:00.000Z,zone-b,pressure,1006.5
2024-01-23T06:36:00.000Z,zone-d,light,655
2024-01-23T07:05:00.000Z,zone-c,pressure,994.5
2024-01-23T08:05:00.000Z,zone-d,pressure,993
2024-01-23T08:47:00.000Z,zone-c,humidity,51.4
2024-01-23T11:24:00.000Z,zone-a,light,179.7
2024-01-23T13:11:00.000Z,zone-a,pressure,997.4
2024-01-23T13:41:00.000Z,zone-d,humidity,43.5
2024-01-23T13:43:00.000Z,zone-c,light,789.4
2024-01-23T15:16:00.000Z,zone-b,temperature,16.9
2024-01-23T16:37:00.000Z,zone-c,temperature,15.8
2024-01-23T17:57:00.000Z,zone-a,humidity,30.2
2024-01-23T21:31:00.000Z,zone-c,humidity,66.5
2024-01-23T22:45:00.000Z,zone-b,humidity,68
2024-01-23T23:46:00.000Z,zone-a,humidity,44.8
2024-01-23T23:47:00.000Z,zone-a,pressure,1015.2
2024-01-23T23:47:00.000Z,zone-b,temperature,20.2
2024-01-24T00:09:00.000Z,zone-c,light,523.8
2024-01-24T03:57:00.000Z,zone-d,pressure,1015.1
2024-01-24T04:45:00.000Z,zone-c,pressure,1004.5
2024-01-24T06:46:00.000Z,zone-b,pressure,995.9
2024-01-24T07:26:00.000Z,zone-d,humidity,60.4
2024-01-24T11:37:00.000Z,zone-a,light,664.6
2024-01-24T11:40:00.000Z,zone-a,temperature,22.1
2024-01-24T15:44:00.000Z,zone-c,temperature,22.4
2024-01-24T16:05:00.000Z,zone-b,light,220.8
2024-01-24T17:37:00.000Z,zone-d,light,513.9
2024-01-24T18:20:00.000Z,zone-d,temperature,22
2024-01-24T19:03:00.000Z,zone-a,light,679.4
2024-01-24T20:46:00.000Z,zone-d,humidity,42.2
2024-01-24T23:23:00.000Z,zone-b,pressure,1010.4
2024-01-25T01:30:00.000Z,zone-a,pressure,998.7
2024-01-25T01:36:00.000Z,zone-d,temperature,29.5
2024-01-25T03:47:00.000Z,zone-a,humidity,68.9
2024-01-25T05:17:00.000Z,zone-c,temperature,23.3
2024-01-25T07:14:00.000Z,zone-a,temperature,31.1
2024-01-25T10:59:00.000Z,zone-c,humidity,67.3
2024-01-25T12:30:00.000Z,zone-d,light,451.8
2024-01-25T14:08:00.000Z,zone-c,pressure,998.6
2024-01-25T15:57:00.000Z,zone-b,light,332.2
2024-01-25T16:32:00.000Z,zone-c,light,841.4
2024-01-25T16:52:00.000Z,zone-b,humidity,51.6
2024-01-25T17:58:00.000Z,zone-d,pressure,996
2024-01-25T18:04:00.000Z,zone-b,temperature,24.6
2024-01-25T23:22:00.000Z,zone-c,temperature,31.3
2024-01-25T23:25:00.000Z,zone-a,humidity,75.8
2024-01-25T23:33:00.000Z,zone-b,humidity,31.1
2024-01-25T23:34:00.000Z,zone-c,humidity,68.9
2024-01-26T00:29:00.000Z,zone-d,temperature,24.2
2024-01-26T00:40:00.000Z,zone-c,light,430.4
2024-01-26T03:25:00.000Z,zone-b,temperature,21.1
2024-01-26T07:32:00.000Z,zone-d,light,122.2
2024-01-26T07:37:00.000Z,zone-b,light,874.2
2024-01-26T08:25:00.000Z,zone-c,pressure,1002.7
2024-01-26T08:59:00.000Z,zone-a,light,764.9
2024-01-26T09:11:00.000Z,zone-d,pressure,1012.9
2024-01-26T09:55:00.000Z,zone-a,pressure,1009.3
2024-01-26T10:54:00.000Z,zone-d,humidity,33.7
2024-01-26T11:35:00.000Z,zone-b,pressure,1015.1
2024-01-26T12:14:00.000Z,zone-a,temperature,25.3
2024-01-26T19:51:00.000Z,zone-d,humidity,68.8
2024-01-26T20:15:00.000Z,zone-a,humidity,57.6
2024-01-26T23:00:00.000Z,zone-d,pressure,1011.7
2024-01-27T00:07:00.000Z,zone-a,light,612.2
2024-01-27T00:56:00.000Z,zone-c,light,210
2024-01-27T01:41:00.000Z,zone-c,pressure,1007.9
2024-01-27T04:15:00.000Z,zone-a,temperature,30.3
2024-01-27T05:46:00.000Z,zone-c,temperature,33.2
2024-01-27T09:10:00.000Z,zone-b,humidity,39.1
2024-01-27T09:42:00.000Z,zone-d,temperature,35
2024-01-27T12:35:00.000Z,zone-a,pressure,1018.3
2024-01-27T14:47:00.000Z,zone-b,light,395.4
2024-01-27T15:57:00.000Z,zone-c,humidity,70.3
2024-01-27T16:11:00.000Z,zone-b,pressure,1013.6
2024-01-27T16:45:00.000Z,zone-d,light,566.4
2024-01-27T17:57:00.000Z,zone-b,temperature,30.7
2024-01-27T18:47:00.000Z,zone-a,pressure,998.8
2024-01-27T21:48:00.000Z,zone-c,humidity,73.8
2024-01-27T23:33:00.000Z,zone-a,light,472.4
2024-01-28T02:39:00.000Z,zone-b,temperature,20
2024-01-28T03:14:00.000Z,zone-d,light,591.2
2024-01-28T03:18:00.000Z,zone-b,light,684
2024-01-28T03:25:00.000Z,zone-b,pressure,1005.5
2024-01-28T04:31:00.000Z,zone-b,humidity,54.8
2024-01-28T04:53:00.000Z,zone-d,pressure,994.7
2024-01-28T04:57:00.000Z,zone-c,temperature,27.1
2024-01-28T05:52:00.000Z,zone-c,pressure,1013.9
2024-01-28T06:39:00.000Z,zone-a,humidity,41.5
2024-01-28T07:03:00.000Z,zone-a,temperature,22.4
2024-01-28T09:57:00.000Z,zone-d,temperature,16.2
2024-01-28T12:26:00.000Z,zone-c,light,672
2024-01-28T12:47:00.000Z,zone-d,humidity,40.7
2024-01-28T20:26:00.000Z,zone-b,humidity,70.5
2024-01-28T21:18:00.000Z,zone-b,temperature,21.4
2024-01-28T21:39:00.000Z,zone-c,temperature,28.2
2024-01-28T22:59:00.000Z,zone-a,humidity,44.1
2024-01-28T23:29:00.000Z,zone-d,temperature,18.9
2024-01-28T23:31:00.000Z,zone-b,light,472.3
2024-01-29T04:09:00.000Z,zone-a,light,672.5
2024-01-29T04:34:00.000Z,zone-a,temperature,31.2
2024-01-29T05:31:00.000Z,zone-d,light,208.3
2024-01-29T06:19:00.000Z,zone-a,pressure,997.1
2024-01-29T06:36:00.000Z,zone-d,pressure,998.8
2024-01-29T10:52:00.000Z,zone-c,humidity,54.3
2024-01-29T13:08:00.000Z,zone-d,humidity,35.9
2024-01-29T13:40:00.000Z,zone-c,pressure,994.8
2024-01-29T15:14:00.000Z,zone-c,light,307.7
2024-01-29T16:14:00.000Z,zone-b,pressure,1008.8
2024-01-29T18:53:00.000Z,zone-d,light,227.5
2024-01-29T21:13:00.000Z,zone-b,humidity,67.3
2024-01-29T22:07:00.000Z,zone-a,humidity,76
2024-01-29T22:43:00.000Z,zone-b,pressure,995.9
2024-01-29T23:50:00.000Z,zone-d,temperature,18
2024-01-30T01:01:00.000Z,zone-c,temperature,25
2024-01-30T02:44:00.000Z,zone-c,pressure,1015.4
2024-01-30T05:47:00.000Z,zone-b,temperature,21
2024-01-30T11:09:00.000Z,zone-c,humidity,61
2024-01-30T12:48:00.000Z,zone-b,light,508.9
2024-01-30T14:55:00.000Z,zone-a,light,621.8
2024-01-30T15:43:00.000Z,zone-d,humidity,78.9
2024-01-30T15:56:00.000Z,zone-c,light,773.7
2024-01-30T17:27:00.000Z,zone-a,temperature,25
2024-01-30T17:32:00.000Z,zone-a,pressure,991
2024-01-30T17:59:00.000Z,zone-d,pressure,997.8
2024-01-30T18:50:00.000Z,zone-a,pressure,1008.7
2024-01-30T22:44:00.000Z,zone-c,light,592
2024-01-30T22:54:00.000Z,zone-a,light,300
2024-01-31T03:30:00.000Z,zone-a,temperature,25.4
2024-01-31T03:45:00.000Z,zone-b,light,450.1
2024-01-31T04:00:00.000Z,zone-d,humidity,71.6
2024-01-31T04:08:00.000Z,zone-c,humidity,77.3
2024-01-31T05:49:00.000Z,zone-b,temperature,29.7
2024-01-31T07:55:00.000Z,zone-b,pressure,1011.2
2024-01-31T09:29:00.000Z,zone-c,pressure,1013
2024-01-31T11:52:00.000Z,zone-d,temperature,19.2
2024-01-31T12:20:00.000Z,zone-d,pressure,1007.3
2024-01-31T13:49:00.000Z,zone-d,light,691
2024-01-31T13:52:00.000Z,zone-b,humidity,54.3
2024-01-31T15:06:00.000Z,zone-a,humidity,41.7
2024-01-31T15:13:00.000Z,zone-c,temperature,29.5
2024-01-31T18:46:00.000Z,zone-c,humidity,69.2
2024-01-31T19:46:00.000Z,zone-a,pressure,1002.8
2024-02-01T00:50:00.000Z,zone-c,light,110.3
2024-02-01T01:34:00.000Z,zone-b,pressure,1016.9
2024-02-01T02:00:00.000Z,zone-a,light,679.6
2024-02-01T02:28:00.000Z,zone-d,pressure,1019.5
2024-02-01T06:20:00.000Z,zone-c,pressure,1008.6
2024-02-01T08:42:00.000Z,zone-b,humidity,64.8
2024-02-01T09:41:00.000Z,zone-d,temperature,31.1
2024-02-01T10:58:00.000Z,zone-b,light,490.4
2024-02-01T11:23:00.000Z,zone-d,humidity,58.1
2024-02-01T12:35:00.000Z,zone-a,humidity,52.9
2024-02-01T14:19:00.000Z,zone-c,temperature,21.7
2024-02-01T16:57:00.000Z,zone-a,temperature,24.2
2024-02-01T17:40:00.000Z,zone-d,light,345.9
2024-02-01T18:00:00.000Z,zone-b,temperature,31
2024-02-01T18:38:00.000Z,zone-d,light,861.4
2024-02-01T20:33:00.000Z,zone-a,temperature,27.6
2024-02-01T22:12:00.000Z,zone-a,pressure,998.9
2024-02-01T23:10:00.000Z,zone-a,humidity,39.1
2024-02-02T02:28:00.000Z,zone-d,humidity,52.9
2024-02-02T03:16:00.000Z,zone-d,temperature,33.8
2024-02-02T03:31:00.000Z,zone-b,light,636.9
2024-02-02T03:54:00.000Z,zone-b,temperature,16.4
2024-02-02T04:37:00.000Z,zone-a,light,520.9
2024-02-02T09:11:00.000Z,zone-c,pressure,1007
2024-02-02T10:30:00.000Z,zone-c,temperature,22.5
2024-02-02T10:53:00.000Z,zone-b,pressure,995.5
2024-02-02T12:59:00.000Z,zone-c,humidity,74
2024-02-02T15:57:00.000Z,zone-b,humidity,42.2
2024-02-02T17:29:00.000Z,zone-d,pressure,998.4
2024-02-02T18:23:00.000Z,zone-c,light,376.8
2024-02-02T20:14:00.000Z,zone-b,humidity,63.2
2024-02-02T21:09:00.000Z,zone-d,humidity,65.3
2024-02-02T21:32:00.000Z,zone-a,humidity,74.8
2024-02-02T23:43:00.000Z,zone-c,light,381.1
2024-02-02T23:53:00.000Z,zone-c,humidity,54
2024-02-03T02:57:00.000Z,zone-b,light,409.2
2024-02-03T04:26:00.000Z,zone-c,pressure,993.2
2024-02-03T04:43:00.000Z,zone-b,temperature,29.1
2024-02-03T05:15:00.000Z,zone-d,temperature,29.6
2024-02-03T06:16:00.000Z,zone-c,temperature,24.1
2024-02-03T06:36:00.000Z,zone-a,pressure,1018.6
2024-02-03T09:27:00.000Z,zone-b,pressure,1012.2
2024-02-03T12:40:00.000Z,zone-a,light,316.2
2024-02-03T13:26:00.000Z,zone-d,pressure,1017
2024-02-03T15:02:00.000Z,zone-a,temperature,33.9
2024-02-03T16:49:00.000Z,zone-d,light,526.9
2024-02-03T22:00:00.000Z,zone-d,humidity,50.2
2024-02-03T23:46:00.000Z,zone-a,pressure,1012.3
2024-02-03T23:55:00.000Z,zone-c,pressure,992.8
2024-02-04T00:01:00.000Z,zone-b,light,381.8
2024-02-04T08:06:00.000Z,zone-c,light,574.7
2024-02-04T08:36:00.000Z,zone-d,temperature,32.1
2024-02-04T08:38:00.000Z,zone-a,light,590.8
2024-02-04T08:58:00.000Z,zone-b,pressure,1014.5
2024-02-04T09:15:00.000Z,zone-d,light,630.7
2024-02-04T11:55:00.000Z,zone-c,humidity,60.8
2024-02-04T14:25:00.000Z,zone-d,pressure,999.2
2024-02-04T16:58:00.000Z,zone-c,temperature,21.9
2024-02-04T17:07:00.000Z,zone-b,humidity,55.3
2024-02-04T17:37:00.000Z,zone-a,humidity,62.7
2024-02-04T18:10:00.000Z,zone-b,temperature,27.4
2024-02-04T18:14:00.000Z,zone-a,temperature,33.5
2024-02-04T19:26:00.000Z,zone-c,temperature,30.9
2024-02-04T19:52:00.000Z,zone-a,pressure,1014.6
2024-02-04T20:24:00.000Z,zone-d,temperature,33.9
2024-02-04T20:56:00.000Z,zone-d,light,436.8
2024-02-04T22:29:00.000Z,zone-c,humidity,48.9
2024-02-05T05:10:00.000Z,zone-c,light,899
2024-02-05T06:00:00.000Z,zone-b,pressure,1005.8
2024-02-05T07:57:00.000Z,zone-a,light,617.2
2024-02-05T08:19:00.000Z,zone-d,humidity,56.3
2024-02-05T10:44:00.000Z,zone-a,humidity,51.9
2024-02-05T13:22:00.000Z,zone-a,temperature,23.6
2024-02-05T14:28:00.000Z,zone-b,humidity,66.3
2024-02-05T14:50:00.000Z,zone-b,temperature,23.5
2024-02-05T16:30:00.000Z,zone-c,pressure,1001
2024-02-05T17:22:00.000Z,zone-d,pressure,1010.8
2024-02-05T18:08:00.000Z,zone-b,light,123.5
2024-02-05T18:40:00.000Z,zone-a,humidity,46.3
2024-02-05T20:55:00.000Z,zone-b,temperature,19.4
2024-02-05T22:08:00.000Z,zone-a,light,410.3
2024-02-05T22:09:00.000Z,zone-c,pressure,1018.5
2024-02-06T02:43:00.000Z,zone-d,pressure,1008.8
2024-02-06T03:37:00.000Z,zone-b,light,324.5
2024-02-06T05:06:00.000Z,zone-d,light,835.5
2024-02-06T06:37:00.000Z,zone-d,temperature,26.6
2024-02-06T08:09:00.000Z,zone-c,humidity,54.1
2024-02-06T08:33:00.000Z,zone-c,light,163.4
2024-02-06T10:12:00.000Z,zone-d,humidity,50.7
2024-02-06T10:29:00.000Z,zone-b,humidity,43.9
2024-02-06T12:11:00.000Z,zone-c,temperature,18.1
2024-02-06T13:34:00.000Z,zone-a,pressure,1010.2
2024-02-06T17:02:00.000Z,zone-b,pressure,1017.3
2024-02-06T17:34:00.000Z,zone-a,temperature,31.8
2024-02-06T20:19:00.000Z,zone-a,light,891.8
2024-02-06T20:38:00.000Z,zone-b,temperature,22.9
2024-02-06T21:44:00.000Z,zone-d,humidity,65.4
2024-02-06T22:30:00.000Z,zone-a,pressure,1012.9
2024-02-06T23:28:00.000Z,zone-b,pressure,1017.8
2024-02-06T23:56:00.000Z,zone-c,light,269.3
2024-02-07T02:56:00.000Z,zone-b,humidity,39.6
2024-02-07T03:10:00.000Z,zone-b,light,837.9
2024-02-07T03:22:00.000Z,zone-c,pressure,1001.8
2024-02-07T05:06:00.000Z,zone-c,temperature,15.8
2024-02-07T07:00:00.000Z,zone-a,temperature,23.9
2024-02-07T07:45:00.000Z,zone-a,humidity,32.5
2024-02-07T09:33:00.000Z,zone-d,temperature,28.5
2024-02-07T14:18:00.000Z,zone-d,light,494
2024-02-07T16:07:00.000Z,zone-c,humidity,54.8
2024-02-07T17:14:00.000Z,zone-d,pressure,1006.8
2024-02-07T19:15:00.000Z,zone-b,pressure,996.2
2024-02-07T19:23:00.000Z,zone-c,light,730.5
2024-02-07T21:22:00.000Z,zone-b,temperature,16.9
2024-02-07T21:56:00.000Z,zone-c,humidity,74.2
2024-02-07T22:05:00.000Z,zone-a,pressure,1016.4
2024-02-07T23:02:00.000Z,zone-d,light,443.7
2024-02-08T00:14:00.000Z,zone-a,temperature,29.5
2024-02-08T02:36:00.000Z,zone-d,temperature,32.5
2024-02-08T03:14:00.000Z,zone-c,pressure,1018.8
2024-02-08T05:01:00.000Z,zone-a,humidity,40.6
2024-02-08T06:22:00.000Z,zone-c,temperature,17.6
2024-02-08T09:09:00.000Z,zone-b,humidity,58.4
2024-02-08T10:16:00.000Z,zone-d,pressure,1015.2
2024-02-08T15:17:00.000Z,zone-b,light,288
2024-02-08T15:42:00.000Z,zone-a,light,898.9
2024-02-08T17:46:00.000Z,zone-d,humidity,77
2024-02-08T19:10:00.000Z,zone-b,pressure,1009.4
2024-02-08T19:24:00.000Z,zone-c,pressure,1016.7
2024-02-08T20:35:00.000Z,zone-c,temperature,16.8
2024-02-09T00:05:00.000Z,zone-d,humidity,33.9
2024-02-09T03:14:00.000Z,zone-a,pressure,1018.9
2024-02-09T03:44:00.000Z,zone-d,temperature,31
2024-02-09T04:43:00.000Z,zone-a,light,783.7
2024-02-09T04:47:00.000Z,zone-b,temperature,21.4
2024-02-09T07:22:00.000Z,zone-c,light,385.4
2024-02-09T07:31:00.000Z,zone-a,temperature,18.5
2024-02-09T09:14:00.000Z,zone-b,humidity,61.6
2024-02-09T10:37:00.000Z,zone-d,pressure,1004.4
2024-02-09T10:46:00.000Z,zone-a,humidity,51
2024-02-09T12:22:00.000Z,zone-d,light,203.1
2024-02-09T12:50:00.000Z,zone-b,light,586
2024-02-09T16:58:00.000Z,zone-c,humidity,44.8
2024-02-09T19:08:00.000Z,zone-a,temperature,17.1
2024-02-09T19:33:00.000Z,zone-d,light,585.4
2024-02-09T20:36:00.000Z,zone-b,humidity,48.9
2024-02-09T22:36:00.000Z,zone-a,pressure,1001.7
2024-02-10T00:22:00.000Z,zone-d,pressure,1011.6
2024-02-10T03:21:00.000Z,zone-a,humidity,60.1
2024-02-10T03:58:00.000Z,zone-c,temperature,15.7
2024-02-10T06:12:00.000Z,zone-d,temperature,25
2024-02-10T08:39:00.000Z,zone-c,humidity,74.3
2024-02-10T11:02:00.000Z,zone-b,light,647
2024-02-10T12:26:00.000Z,zone-d,humidity,74.3
2024-02-10T12:30:00.000Z,zone-b,temperature,34.9
2024-02-10T13:01:00.000Z,zone-b,pressure,1006.7
2024-02-10T13:48:00.000Z,zone-c,light,404.2
2024-02-10T14:32:00.000Z,zone-a,light,682.2
2024-02-10T17:35:00.000Z,zone-c,pressure,1010
2024-02-10T21:44:00.000Z,zone-a,temperature,29.2
2024-02-10T22:14:00.000Z,zone-c,light,455.4
2024-02-10T23:01:00.000Z,zone-b,humidity,41.3
2024-02-10T23:48:00.000Z,zone-b,pressure,1012.7
2024-02-10T23:49:00.000Z,zone-d,pressure,1011.4
2024-02-11T01:43:00.000Z,zone-d,light,259.6
2024-02-11T03:35:00.000Z,zone-c,temperature,21.8
2024-02-11T03:43:00.000Z,zone-d,humidity,67.1
2024-02-11T04:59:00.000Z,zone-c,pressure,1014.9
2024-02-11T07:44:00.000Z,zone-d,temperature,21.7
2024-02-11T08:50:00.000Z,zone-b,temperature,28.8
2024-02-11T12:16:00.000Z,zone-b,light,647.5
2024-02-11T13:22:00.000Z,zone-a,pressure,993.2
2024-02-11T15:07:00.000Z,zone-c,humidity,41.8
2024-02-11T15:33:00.000Z,zone-a,light,302.2
2024-02-11T16:06:00.000Z,zone-a,humidity,36.1
2024-02-11T19:09:00.000Z,zone-d,humidity,42.1
2024-02-11T20:57:00.000Z,zone-c,temperature,35
2024-02-11T22:53:00.000Z,zone-a,pressure,994.8
2024-02-11T23:38:00.000Z,zone-d,temperature,28.1
2024-02-12T01:47:00.000Z,zone-d,pressure,1018.5
2024-02-12T02:42:00.000Z,zone-b,light,528.7
2024-02-12T02:55:00.000Z,zone-c,humidity,48.4
2024-02-12T03:36:00.000Z,zone-b,pressure,1003.6
2024-02-12T07:54:00.000Z,zone-c,light,322.1
2024-02-12T11:10:00.000Z,zone-b,humidity,42.7
2024-02-12T11:12:00.000Z,zone-a,light,773.8
2024-02-12T11:42:00.000Z,zone-d,light,476.4
2024-02-12T12:23:00.000Z,zone-a,humidity,67.1
2024-02-12T14:36:00.000Z,zone-c,pressure,994.3
2024-02-12T16:43:00.000Z,zone-a,temperature,21.3
2024-02-12T17:06:00.000Z,zone-b,temperature,29.9
2024-02-12T19:04:00.000Z,zone-b,light,613.8
2024-02-12T22:12:00.000Z,zone-a,light,272.2
2024-02-12T22:36:00.000Z,zone-d,light,661.2
2024-02-12T22:45:00.000Z,zone-c,light,164
2024-02-12T23:10:00.000Z,zone-b,pressure,1015.3
2024-02-13T00:22:00.000Z,zone-a,pressure,1008.3
2024-02-13T00:48:00.000Z,zone-c,temperature,32.9
2024-02-13T01:16:00.000Z,zone-a,temperature,31.5
2024-02-13T02:18:00.000Z,zone-d,humidity,72.4
2024-02-13T02:32:00.000Z,zone-a,humidity,79.2
2024-02-13T06:41:00.000Z,zone-b,humidity,51.9
2024-02-13T13:02:00.000Z,zone-b,temperature,33.1
2024-02-13T13:04:00.000Z,zone-c,pressure,990.8
2024-02-13T15:39:00.000Z,zone-d,pressure,996.1
2024-02-13T15:52:00.000Z,zone-d,temperature,28.4
2024-02-13T17:12:00.000Z,zone-c,humidity,64.4
2024-02-13T19:41:00.000Z,zone-a,temperature,27.9
2024-02-13T20:11:00.000Z,zone-a,humidity,57.1
2024-02-13T23:47:00.000Z,zone-c,humidity,34.1
2024-02-14T00:21:00.000Z,zone-d,light,690
2024-02-14T00:30:00.000Z,zone-b,pressure,995
2024-02-14T02:17:00.000Z,zone-a,pressure,1016.7
2024-02-14T02:35:00.000Z,zone-a,light,824.1
2024-02-14T03:35:00.000Z,zone-b,light,418.6
2024-02-14T09:48:00.000Z,zone-d,humidity,72.7
2024-02-14T10:25:00.000Z,zone-d,temperature,18.4
2024-02-14T13:31:00.000Z,zone-b,temperature,17.8
2024-02-14T15:40:00.000Z,zone-c,pressure,1014.4
2024-02-14T15:59:00.000Z,zone-c,temperature,27.1
2024-02-14T16:15:00.000Z,zone-d,pressure,996.3
2024-02-14T16:23:00.000Z,zone-c,light,261.4
2024-02-14T17:22:00.000Z,zone-b,humidity,46.6
2024-02-14T21:26:00.000Z,zone-c,humidity,68.6
2024-02-15T04:12:00.000Z,zone-a,pressure,993.3
2024-02-15T04:25:00.000Z,zone-d,humidity,50.6
2024-02-15T06:27:00.000Z,zone-d,pressure,999.7
2024-02-15T07:08:00.000Z,zone-b,pressure,1007.3
2024-02-15T08:04:00.000Z,zone-a,humidity,51
2024-02-15T09:32:00.000Z,zone-b,humidity,74.7
2024-02-15T10:18:00.000Z,zone-b,temperature,32.6
2024-02-15T10:58:00.000Z,zone-d,temperature,21.5
2024-02-15T10:59:00.000Z,zone-b,light,747.6
2024-02-15T11:57:00.000Z,zone-a,temperature,34.1
2024-02-15T15:01:00.000Z,zone-c,temperature,28.3
2024-02-15T15:26:00.000Z,zone-a,light,863.1
2024-02-15T16:20:00.000Z,zone-c,light,466
2024-02-15T17:04:00.000Z,zone-c,pressure,1004.8
2024-02-15T17:51:00.000Z,zone-d,light,859.6
2024-02-15T19:25:00.000Z,zone-d,light,817
2024-02-15T20:17:00.000Z,zone-a,pressure,1016.3
2024-02-15T21:16:00.000Z,zone-a,temperature,32.7
2024-02-15T22:30:00.000Z,zone-c,light,517.1
2024-02-15T23:21:00.000Z,zone-d,pressure,1019.4
2024-02-16T01:25:00.000Z,zone-a,humidity,71.5
2024-02-16T01:34:00.000Z,zone-c,humidity,51.9
2024-02-16T02:58:00.000Z,zone-d,temperature,33.7
2024-02-16T04:46:00.000Z,zone-d,humidity,67.9
2024-02-16T05:13:00.000Z,zone-b,humidity,63.6
2024-02-16T06:10:00.000Z,zone-c,pressure,1006.7
2024-02-16T08:50:00.000Z,zone-b,light,494.7
2024-02-16T10:50:00.000Z,zone-a,light,888.8
2024-02-16T14:19:00.000Z,zone-c,temperature,21.7
2024-02-16T15:25:00.000Z,zone-b,pressure,997.8
2024-02-16T18:03:00.000Z,zone-b,temperature,18.7
2024-02-16T19:11:00.000Z,zone-a,light,207.9
2024-02-16T20:24:00.000Z,zone-d,light,866
2024-02-16T21:16:00.000Z,zone-c,light,306.7
2024-02-16T23:11:00.000Z,zone-c,temperature,27.9
2024-02-17T04:51:00.000Z,zone-a,humidity,36.7
2024-02-17T06:05:00.000Z,zone-b,temperature,27.8
2024-02-17T06:11:00.000Z,zone-c,humidity,72.3
2024-02-17T06:41:00.000Z,zone-b,light,796.3
2024-02-17T07:49:00.000Z,zone-d,humidity,40
2024-02-17T09:45:00.000Z,zone-a,temperature,25.3
2024-02-17T10:27:00.000Z,zone-a,pressure,1002.9
2024-02-17T11:59:00.000Z,zone-d,pressure,990.1
2024-02-17T12:16:00.000Z,zone-b,humidity,34.2
2024-02-17T12:16:00.000Z,zone-b,pressure,1015.7
2024-02-17T15:04:00.000Z,zone-d,temperature,28
2024-02-17T18:13:00.000Z,zone-c,pressure,1013.7
2024-02-18T00:23:00.000Z,zone-c,humidity,31.9
2024-02-18T03:57:00.000Z,zone-d,pressure,1013.7
2024-02-18T04:55:00.000Z,zone-c,temperature,29.7
2024-02-18T06:05:00.000Z,zone-b,pressure,1010.4
2024-02-18T06:48:00.000Z,zone-b,light,428.5
2024-02-18T08:01:00.000Z,zone-d,humidity,45
2024-02-18T09:28:00.000Z,zone-c,pressure,1013.9
2024-02-18T09:37:00.000Z,zone-b,temperature,20.9
2024-02-18T11:16:00.000Z,zone-a,light,720.6
2024-02-18T12:24:00.000Z,zone-d,light,726.7
2024-02-18T12:37:00.000Z,zone-a,humidity,45.6
2024-02-18T14:20:00.000Z,zone-a,temperature,26.1
2024-02-18T14:25:00.000Z,zone-d,temperature,24
2024-02-18T15:07:00.000Z,zone-a,pressure,1001.6
2024-02-18T15:36:00.000Z,zone-c,light,376.1
2024-02-18T16:15:00.000Z,zone-b,humidity,40.7
2024-02-18T20:16:00.000Z,zone-d,humidity,35.7
2024-02-18T20:53:00.000Z,zone-c,humidity,57.3
2024-02-18T21:00:00.000Z,zone-c,light,687.2
2024-02-18T21:44:00.000Z,zone-d,light,137.7
2024-02-18T22:54:00.000Z,zone-a,temperature,27.3
2024-02-19T03:24:00.000Z,zone-c,pressure,998.2
2024-02-19T03:48:00.000Z,zone-b,pressure,1017.1
2024-02-19T04:22:00.000Z,zone-a,pressure,1018.8
2024-02-19T04:40:00.000Z,zone-d,pressure,1002.4
2024-02-19T09:36:00.000Z,zone-d,temperature,21.6
2024-02-19T10:28:00.000Z,zone-b,light,696.4
2024-02-19T12:21:00.000Z,zone-b,humidity,79.2
2024-02-19T13:55:00.000Z,zone-b,temperature,33.3
2024-02-19T14:34:00.000Z,zone-a,humidity,32.4
2024-02-19T15:45:00.000Z,zone-a,light,352.7
2024-02-19T17:45:00.000Z,zone-c,temperature,26.3
2024-02-19T18:40:00.000Z,zone-c,light,716.1
2024-02-19T22:27:00.000Z,zone-d,light,189.3
2024-02-20T01:53:00.000Z,zone-b,pressure,1016.8
2024-02-20T04:57:00.000Z,zone-d,temperature,20.6
2024-02-20T06:38:00.000Z,zone-d,pressure,990.3
2024-02-20T09:05:00.000Z,zone-c,pressure,1018.5
2024-02-20T09:14:00.000Z,zone-b,temperature,22.2
2024-02-20T11:28:00.000Z,zone-a,humidity,71.3
2024-02-20T11:46:00.000Z,zone-d,humidity,55.9
2024-02-20T13:53:00.000Z,zone-b,humidity,42.8
2024-02-20T14:36:00.000Z,zone-a,light,625.8
2024-02-20T15:08:00.000Z,zone-c,humidity,43.5
2024-02-20T16:15:00.000Z,zone-c,temperature,28.8
2024-02-20T16:16:00.000Z,zone-b,light,115.8
2024-02-20T17:51:00.000Z,zone-a,pressure,993.1
2024-02-20T18:02:00.000Z,zone-a,temperature,29.1
2024-02-20T19:44:00.000Z,zone-a,pressure,1007.1
2024-02-20T23:13:00.000Z,zone-a,humidity,30.6
2024-02-21T00:04:00.000Z,zone-c,temperature,17.3
2024-02-21T00:18:00.000Z,zone-c,pressure,996.3
2024-02-21T01:40:00.000Z,zone-c,humidity,38.7
2024-02-21T02:38:00.000Z,zone-b,light,661.8
2024-02-21T04:03:00.000Z,zone-a,light,653.4
2024-02-21T05:18:00.000Z,zone-c,light,549.8
2024-02-21T05:36:00.000Z,zone-b,humidity,46.5
2024-02-21T07:12:00.000Z,zone-d,temperature,29
2024-02-21T08:13:00.000Z,zone-b,pressure,992
2024-02-21T11:27:00.000Z,zone-b,temperature,26.9
2024-02-21T11:38:00.000Z,zone-d,pressure,1016.5
2024-02-21T12:58:00.000Z,zone-d,humidity,60.8
2024-02-21T14:20:00.000Z,zone-d,light,125
2024-02-21T17:20:00.000Z,zone-a,temperature,17.8
2024-02-21T23:30:00.000Z,zone-c,light,649.7
2024-02-22T03:27:00.000Z,zone-a,humidity,77.8
2024-02-22T04:38:00.000Z,zone-a,temperature,21.7
2024-02-22T04:44:00.000Z,zone-d,humidity,65.7
2024-02-22T09:25:00.000Z,zone-b,humidity,75.4
2024-02-22T09:25:00.000Z,zone-c,temperature,28.3
2024-02-22T09:35:00.000Z,zone-b,pressure,1012.9
2024-02-22T10:03:00.000Z,zone-a,pressure,999.3
2024-02-22T11:26:00.000Z,zone-a,light,793
2024-02-22T12:35:00.000Z,zone-c,humidity,57.7
2024-02-22T14:07:00.000Z,zone-c,pressure,1019.6
2024-02-22T14:34:00.000Z,zone-d,light,564
2024-02-22T15:32:00.000Z,zone-b,temperature,28.4
2024-02-22T16:04:00.000Z,zone-d,temperature,29.8
2024-02-22T16:46:00.000Z,zone-d,pressure,1012.2
2024-02-22T17:46:00.000Z,zone-b,light,339.4
2024-02-22T18:39:00.000Z,zone-a,pressure,999.7
2024-02-22T19:07:00.000Z,zone-b,temperature,18.5
2024-02-22T19:35:00.000Z,zone-d,light,348.9
2024-02-22T19:52:00.000Z,zone-d,humidity,72.8
2024-02-22T20:41:00.000Z,zone-d,temperature,29.8
2024-02-22T21:25:00.000Z,zone-b,pressure,993.3
2024-02-23T00:35:00.000Z,zone-d,pressure,1007.9
2024-02-23T01:35:00.000Z,zone-a,temperature,16.5
2024-02-23T08:11:00.000Z,zone-b,light,604
2024-02-23T10:18:00.000Z,zone-b,humidity,48.4
2024-02-23T11:46:00.000Z,zone-a,humidity,75
2024-02-23T13:11:00.000Z,zone-c,temperature,15.6
2024-02-23T13:49:00.000Z,zone-c,humidity,36.7
2024-02-23T17:16:00.000Z,zone-a,light,364.7
2024-02-23T17:31:00.000Z,zone-c,light,644.3
2024-02-23T18:05:00.000Z,zone-c,pressure,1016.4
2024-02-23T18:32:00.000Z,zone-c,humidity,30.7
2024-02-23T20:07:00.000Z,zone-b,pressure,1001
2024-02-23T22:04:00.000Z,zone-d,light,744.9
2024-02-23T23:46:00.000Z,zone-c,temperature,34.8
2024-02-23T23:50:00.000Z,zone-b,humidity,77.8
2024-02-24T00:43:00.000Z,zone-a,light,832.8
2024-02-24T02:27:00.000Z,zone-a,temperature,29.1
2024-02-24T02:42:00.000Z,zone-d,humidity,56.7
2024-02-24T04:02:00.000Z,zone-d,temperature,21.9
2024-02-24T05:38:00.000Z,zone-a,humidity,43.3
2024-02-24T06:54:00.000Z,zone-b,light,736.3
2024-02-24T07:31:00.000Z,zone-c,light,147.7
2024-02-24T08:44:00.000Z,zone-a,pressure,1014.2
2024-02-24T09:02:00.000Z,zone-b,temperature,34.8
2024-02-24T11:52:00.000Z,zone-c,pressure,1013.3
2024-02-24T13:31:00.000Z,zone-d,pressure,1000.1
2024-02-24T20:10:00.000Z,zone-d,humidity,65.1
2024-02-24T21:11:00.000Z,zone-c,temperature,16.1
2024-02-24T22:29:00.000Z,zone-d,temperature,29.3
2024-02-24T22:45:00.000Z,zone-a,humidity,78.5
2024-02-25T02:31:00.000Z,zone-a,light,351.5
2024-02-25T02:50:00.000Z,zone-b,pressure,1016.3
2024-02-25T05:50:00.000Z,zone-c,light,676.7
2024-02-25T06:41:00.000Z,zone-a,temperature,30.9
2024-02-25T07:18:00.000Z,zone-b,temperature,17.9
2024-02-25T08:16:00.000Z,zone-c,pressure,1017.2
2024-02-25T09:02:00.000Z,zone-a,pressure,998
2024-02-25T12:29:00.000Z,zone-b,humidity,64.7
2024-02-25T13:03:00.000Z,zone-d,light,398.7
2024-02-25T13:06:00.000Z,zone-c,humidity,51.4
2024-02-25T13:30:00.000Z,zone-d,pressure,1011.9
2024-02-25T17:08:00.000Z,zone-b,light,119
2024-02-25T18:57:00.000Z,zone-b,light,558
2024-02-25T19:04:00.000Z,zone-a,temperature,23.4
2024-02-25T19:42:00.000Z,zone-c,temperature,30.9
2024-02-25T20:13:00.000Z,zone-c,light,748
2024-02-25T20:16:00.000Z,zone-a,light,525
2024-02-25T20:50:00.000Z,zone-d,pressure,1000.4
2024-02-25T21:08:00.000Z,zone-b,temperature,26.1
2024-02-26T01:02:00.000Z,zone-a,pressure,1005.8
2024-02-26T01:15:00.000Z,zone-d,temperature,34
2024-02-26T03:31:00.000Z,zone-b,humidity,55.7
2024-02-26T04:38:00.000Z,zone-a,humidity,44.8
2024-02-26T05:51:00.000Z,zone-d,light,487.9
2024-02-26T07:04:00.000Z,zone-b,pressure,993
2024-02-26T08:18:00.000Z,zone-c,humidity,64.5
2024-02-26T15:23:00.000Z,zone-c,pressure,1009.1
2024-02-26T17:54:00.000Z,zone-d,humidity,46.5
2024-02-26T18:34:00.000Z,zone-d,light,330.9
2024-02-26T19:42:00.000Z,zone-d,temperature,30.3
2024-02-26T20:36:00.000Z,zone-a,temperature,18.2
2024-02-26T23:55:00.000Z,zone-c,pressure,1006
2024-02-27T00:33:00.000Z,zone-b,light,458.3
2024-02-27T01:21:00.000Z,zone-b,humidity,48.3
2024-02-27T03:19:00.000Z,zone-b,temperature,25
2024-02-27T04:12:00.000Z,zone-c,temperature,16.3
2024-02-27T07:48:00.000Z,zone-d,pressure,1013.9
2024-02-27T09:15:00.000Z,zone-b,pressure,1013.8
2024-02-27T11:19:00.000Z,zone-a,light,836.2
2024-02-27T11:31:00.000Z,zone-a,humidity,70.5
2024-02-27T12:00:00.000Z,zone-c,light,746.2
2024-02-27T12:50:00.000Z,zone-d,humidity,71.7
2024-02-27T13:59:00.000Z,zone-a,pressure,992
2024-02-27T15:38:00.000Z,zone-c,humidity,51.3
2024-02-27T20:00:00.000Z,zone-b,temperature,31.6
2024-02-27T20:10:00.000Z,zone-a,temperature,31.6
2024-02-28T00:21:00.000Z,zone-c,humidity,78.6
2024-02-28T01:10:00.000Z,zone-b,pressure,997.5
2024-02-28T01:46:00.000Z,zone-b,humidity,78.6
2024-02-28T03:36:00.000Z,zone-d,humidity,42.9
2024-02-28T03:42:00.000Z,zone-d,light,734.4
2024-02-28T04:22:00.000Z,zone-c,temperature,29
2024-02-28T05:02:00.000Z,zone-b,light,721.2
2024-02-28T05:18:00.000Z,zone-a,humidity,40.8
2024-02-28T07:42:00.000Z,zone-c,light,780.8
2024-02-28T10:09:00.000Z,zone-c,pressure,1017
2024-02-28T12:13:00.000Z,zone-a,light,405.4
2024-02-28T14:56:00.000Z,zone-d,temperature,21.1
2024-02-28T15:01:00.000Z,zone-a,pressure,1006.9
2024-02-28T17:02:00.000Z,zone-d,pressure,1017.6
2024-02-28T19:58:00.000Z,zone-d,temperature,16.3
2024-02-28T20:19:00.000Z,zone-b,temperature,24.2
2024-02-28T21:54:00.000Z,zone-d,humidity,38.5
2024-02-28T21:57:00.000Z,zone-c,humidity,70.5
2024-02-28T22:43:00.000Z,zone-b,humidity,37.7
2024-02-29T01:19:00.000Z,zone-c,light,420.7
2024-02-29T03:43:00.000Z,zone-a,humidity,33.3
2024-02-29T04:48:00.000Z,zone-d,light,345
2024-02-29T04:49:00.000Z,zone-c,temperature,22.5
2024-02-29T06:01:00.000Z,zone-b,pressure,990.1
2024-02-29T07:39:00.000Z,zone-b,light,507.2
2024-02-29T11:09:00.000Z,zone-c,pressure,993.7
2024-02-29T11:35:00.000Z,zone-a,light,722.5
2024-02-29T11:42:00.000Z,zone-a,temperature,31.7
2024-02-29T13:41:00.000Z,zone-a,pressure,992
2024-02-29T15:34:00.000Z,zone-d,pressure,1015.1
2024-02-29T18:32:00.000Z,zone-a,pressure,1003.2
2024-02-29T20:22:00.000Z,zone-b,temperature,25.5
2024-03-01T01:16:00.000Z,zone-c,pressure,994.3
2024-03-01T06:35:00.000Z,zone-d,pressure,993.6
2024-03-01T07:51:00.000Z,zone-c,humidity,57.6
2024-03-01T08:37:00.000Z,zone-b,humidity,79
2024-03-01T10:13:00.000Z,zone-a,light,414.3
2024-03-01T10:50:00.000Z,zone-c,light,865.6
2024-03-01T12:24:00.000Z,zone-a,humidity,67.4
2024-03-01T14:09:00.000Z,zone-c,temperature,29.4
2024-03-01T15:34:00.000Z,zone-d,light,881.9
2024-03-01T15:36:00.000Z,zone-b,light,160.8
2024-03-01T16:04:00.000Z,zone-d,temperature,19.9
2024-03-01T17:48:00.000Z,zone-b,pressure,1012.6
2024-03-01T17:55:00.000Z,zone-d,humidity,30.7
2024-03-01T18:25:00.000Z,zone-a,temperature,15.3
2024-03-01T19:57:00.000Z,zone-d,light,577.9
2024-03-01T20:08:00.000Z,zone-a,pressure,1008.5
2024-03-02T01:46:00.000Z,zone-d,temperature,21.5
2024-03-02T01:54:00.000Z,zone-c,humidity,75.4
2024-03-02T03:23:00.000Z,zone-a,humidity,74.2
2024-03-02T06:15:00.000Z,zone-a,temperature,25
2024-03-02T06:28:00.000Z,zone-c,temperature,16.5
2024-03-02T06:31:00.000Z,zone-d,humidity,30.3
2024-03-02T06:40:00.000Z,zone-b,light,660.2
2024-03-02T06:56:00.000Z,zone-c,light,638.8
2024-03-02T10:26:00.000Z,zone-a,light,712.7
2024-03-02T10:46:00.000Z,zone-b,pressure,995.4
2024-03-02T13:28:00.000Z,zone-b,temperature,23.1
2024-03-02T13:29:00.000Z,zone-d,pressure,994.4
2024-03-02T13:39:00.000Z,zone-b,humidity,33.9
2024-03-02T18:18:00.000Z,zone-c,pressure,996.2
2024-03-02T18:41:00.000Z,zone-b,light,797.7
2024-03-02T20:17:00.000Z,zone-c,light,362.4
2024-03-02T20:58:00.000Z,zone-a,humidity,45.4
2024-03-02T21:28:00.000Z,zone-b,humidity,39.8
2024-03-03T00:04:00.000Z,zone-a,light,829.5
2024-03-03T02:41:00.000Z,zone-c,humidity,54.1
2024-03-03T03:04:00.000Z,zone-c,temperature,22.2
2024-03-03T06:56:00.000Z,zone-d,pressure,990.3
2024-03-03T07:18:00.000Z,zone-c,pressure,1001.3
2024-03-03T10:05:00.000Z,zone-a,temperature,30.1
2024-03-03T11:22:00.000Z,zone-a,pressure,1016.9
2024-03-03T11:55:00.000Z,zone-d,light,679.8
2024-03-03T13:09:00.000Z,zone-d,humidity,48.5
2024-03-03T14:06:00.000Z,zone-d,temperature,29.2
2024-03-03T14:47:00.000Z,zone-b,temperature,16.4
2024-03-03T16:44:00.000Z,zone-b,pressure,1008.5
2024-03-03T19:54:00.000Z,zone-c,light,542
2024-03-03T20:32:00.000Z,zone-b,pressure,1013.4
2024-03-04T00:48:00.000Z,zone-d,humidity,56.9
2024-03-04T01:40:00.000Z,zone-a,light,637.9
2024-03-04T04:44:00.000Z,zone-b,humidity,46.8
2024-03-04T04:55:00.000Z,zone-c,humidity,31.7
2024-03-04T06:23:00.000Z,zone-a,humidity,32.8
2024-03-04T06:26:00.000Z,zone-c,temperature,25.1
2024-03-04T06:34:00.000Z,zone-a,pressure,1016.7
2024-03-04T09:18:00.000Z,zone-b,temperature,18.7
2024-03-04T09:46:00.000Z,zone-d,temperature,22.4
2024-03-04T11:02:00.000Z,zone-d,light,791.2
2024-03-04T11:12:00.000Z,zone-c,pressure,1005.8
2024-03-04T11:35:00.000Z,zone-a,temperature,17.3
2024-03-04T12:25:00.000Z,zone-b,light,717.8
2024-03-04T18:22:00.000Z,zone-d,pressure,1000.8
2024-03-04T20:42:00.000Z,zone-b,humidity,47
2024-03-04T21:46:00.000Z,zone-b,temperature,24.6
2024-03-04T23:37:00.000Z,zone-b,pressure,1007.5
2024-03-05T01:14:00.000Z,zone-c,humidity,35
2024-03-05T01:23:00.000Z,zone-a,temperature,22.7
2024-03-05T02:19:00.000Z,zone-d,humidity,57.9
2024-03-05T05:57:00.000Z,zone-a,pressure,993.6
2024-03-05T06:31:00.000Z,zone-c,light,411.9
2024-03-05T07:49:00.000Z,zone-a,light,221.7
2024-03-05T08:41:00.000Z,zone-a,humidity,33.1
2024-03-05T11:15:00.000Z,zone-b,light,461
2024-03-05T11:51:00.000Z,zone-d,pressure,994.1
2024-03-05T12:34:00.000Z,zone-c,pressure,990.4
2024-03-05T15:26:00.000Z,zone-d,temperature,32.2
2024-03-05T16:40:00.000Z,zone-d,light,341.7
2024-03-05T17:49:00.000Z,zone-c,temperature,16.9
2024-03-05T18:52:00.000Z,zone-b,temperature,30.2
2024-03-05T22:44:00.000Z,zone-d,light,617.8
2024-03-05T22:52:00.000Z,zone-d,humidity,52.8
2024-03-06T00:56:00.000Z,zone-c,pressure,1006.1
2024-03-06T04:38:00.000Z,zone-b,pressure,1001.6
2024-03-06T06:25:00.000Z,zone-a,light,466.4
2024-03-06T06:45:00.000Z,zone-c,humidity,54.4
2024-03-06T07:44:00.000Z,zone-a,humidity,53.8
2024-03-06T07:52:00.000Z,zone-b,light,733.5
2024-03-06T07:58:00.000Z,zone-d,temperature,18
2024-03-06T08:11:00.000Z,zone-d,pressure,996.4
2024-03-06T10:56:00.000Z,zone-b,humidity,70.6
2024-03-06T12:18:00.000Z,zone-c,temperature,31.7
2024-03-06T13:36:00.000Z,zone-a,pressure,1003.3
2024-03-06T13:54:00.000Z,zone-a,temperature,26.1
2024-03-06T15:02:00.000Z,zone-c,light,304.1
2024-03-06T18:32:00.000Z,zone-d,humidity,73.5
2024-03-06T20:25:00.000Z,zone-b,humidity,50.9
2024-03-06T21:00:00.000Z,zone-a,pressure,1012.1
2024-03-06T21:33:00.000Z,zone-c,temperature,25.8
2024-03-06T22:09:00.000Z,zone-a,humidity,63.5
2024-03-07T00:22:00.000Z,zone-b,light,627.1
2024-03-07T05:23:00.000Z,zone-d,light,854.7
2024-03-07T06:37:00.000Z,zone-c,light,549.1
2024-03-07T08:44:00.000Z,zone-c,pressure,993.8
2024-03-07T15:13:00.000Z,zone-a,temperature,15.1
2024-03-07T16:42:00.000Z,zone-a,light,528
2024-03-07T17:38:00.000Z,zone-b,pressure,1003.2
2024-03-07T17:38:00.000Z,zone-c,humidity,36.1
2024-03-07T17:58:00.000Z,zone-d,pressure,1019.9
2024-03-07T18:05:00.000Z,zone-b,temperature,28
2024-03-07T18:14:00.000Z,zone-d,temperature,33.4
2024-03-07T19:58:00.000Z,zone-d,temperature,17.9
2024-03-07T21:43:00.000Z,zone-b,temperature,25.1
2024-03-07T22:50:00.000Z,zone-a,light,199.4
2024-03-08T01:33:00.000Z,zone-d,light,474.1
2024-03-08T10:00:00.000Z,zone-d,humidity,43.6
2024-03-08T12:40:00.000Z,zone-b,humidity,61.5
2024-03-08T12:48:00.000Z,zone-a,temperature,24.4
2024-03-08T13:02:00.000Z,zone-c,pressure,1015.4
2024-03-08T13:40:00.000Z,zone-d,pressure,1009.3
2024-03-08T13:56:00.000Z,zone-b,light,602.1
2024-03-08T15:28:00.000Z,zone-c,light,433.2
2024-03-08T15:57:00.000Z,zone-c,humidity,79.9
2024-03-08T16:32:00.000Z,zone-b,pressure,1002.9
2024-03-08T16:34:00.000Z,zone-c,temperature,24.1
2024-03-08T18:12:00.000Z,zone-a,pressure,1011.7
2024-03-08T18:28:00.000Z,zone-a,humidity,30.7
2024-03-08T19:48:00.000Z,zone-d,humidity,74.3
2024-03-08T21:27:00.000Z,zone-c,light,621.6
2024-03-08T21:41:00.000Z,zone-c,temperature,20.5
2024-03-09T01:23:00.000Z,zone-a,light,791.9
2024-03-09T03:10:00.000Z,zone-d,pressure,1008.3
2024-03-09T03:37:00.000Z,zone-c,humidity,51.4
2024-03-09T03:51:00.000Z,zone-a,humidity,53.7
2024-03-09T03:59:00.000Z,zone-b,humidity,46.2
2024-03-09T04:16:00.000Z,zone-c,pressure,992.2
2024-03-09T04:35:00.000Z,zone-b,pressure,1018.8
2024-03-09T08:55:00.000Z,zone-a,temperature,34.5
2024-03-09T08:58:00.000Z,zone-d,light,761.1
2024-03-09T09:40:00.000Z,zone-a,pressure,1005.4
2024-03-09T11:14:00.000Z,zone-b,light,829.2
2024-03-09T12:09:00.000Z,zone-b,temperature,22.4
2024-03-09T17:29:00.000Z,zone-d,temperature,20.5
2024-03-09T19:11:00.000Z,zone-d,temperature,25
2024-03-09T19:16:00.000Z,zone-a,light,716.2
2024-03-09T20:31:00.000Z,zone-b,humidity,57.6
2024-03-09T21:43:00.000Z,zone-c,humidity,47.7
2024-03-10T00:00:00.000Z,zone-b,pressure,1011.6
2024-03-10T00:27:00.000Z,zone-a,temperature,27.9
2024-03-10T00:34:00.000Z,zone-d,light,377.1
2024-03-10T04:23:00.000Z,zone-a,pressure,1015.7
2024-03-10T05:17:00.000Z,zone-c,light,479.3
2024-03-10T05:45:00.000Z,zone-b,light,138
2024-03-10T06:41:00.000Z,zone-b,temperature,33
2024-03-10T09:11:00.000Z,zone-c,pressure,1013.5
2024-03-10T10:50:00.000Z,zone-a,humidity,48.8
2024-03-10T16:28:00.000Z,zone-d,pressure,1013.7
2024-03-10T16:46:00.000Z,zone-d,humidity,51.4
2024-03-10T17:34:00.000Z,zone-c,temperature,15.5
2024-03-10T18:50:00.000Z,zone-c,light,103.5
2024-03-10T19:00:00.000Z,zone-d,temperature,16.9
2024-03-10T21:28:00.000Z,zone-c,temperature,32.4
2024-03-10T22:19:00.000Z,zone-d,pressure,1009.2
2024-03-10T23:04:00.000Z,zone-b,light,553
2024-03-10T23:23:00.000Z,zone-c,humidity,76.1
2024-03-11T04:27:00.000Z,zone-a,pressure,1009.1
2024-03-11T05:04:00.000Z,zone-a,light,727.3
2024-03-11T10:11:00.000Z,zone-c,pressure,1003.7
2024-03-11T13:06:00.000Z,zone-b,temperature,18.4
2024-03-11T13:31:00.000Z,zone-b,pressure,998.1
2024-03-11T14:04:00.000Z,zone-d,light,300.8
2024-03-11T14:43:00.000Z,zone-b,humidity,59.1
2024-03-11T15:28:00.000Z,zone-a,humidity,66.4
2024-03-11T17:07:00.000Z,zone-a,temperature,27.5
2024-03-11T18:19:00.000Z,zone-d,humidity,55.3
2024-03-11T19:49:00.000Z,zone-c,temperature,23
2024-03-11T20:58:00.000Z,zone-b,temperature,34.9
2024-03-11T22:52:00.000Z,zone-a,light,896.6
2024-03-12T03:47:00.000Z,zone-c,light,207
2024-03-12T04:47:00.000Z,zone-b,light,852.5
2024-03-12T05:02:00.000Z,zone-b,pressure,1003.5
2024-03-12T07:21:00.000Z,zone-d,light,843
2024-03-12T07:48:00.000Z,zone-a,temperature,28.1
2024-03-12T08:57:00.000Z,zone-c,pressure,1006.8
2024-03-12T09:57:00.000Z,zone-a,pressure,993.2
2024-03-12T11:32:00.000Z,zone-c,humidity,35.9
2024-03-12T14:03:00.000Z,zone-b,humidity,56.1
2024-03-12T15:33:00.000Z,zone-d,pressure,996.4
2024-03-12T16:05:00.000Z,zone-a,humidity,34.7
2024-03-12T17:03:00.000Z,zone-d,temperature,33.1
2024-03-12T17:12:00.000Z,zone-d,humidity,45.6
2024-03-12T18:41:00.000Z,zone-c,light,856.2
2024-03-12T18:47:00.000Z,zone-c,humidity,40.4
2024-03-12T21:15:00.000Z,zone-d,temperature,22.4
2024-03-12T23:31:00.000Z,zone-a,temperature,20.6
2024-03-13T00:20:00.000Z,zone-a,humidity,41.4
2024-03-13T01:34:00.000Z,zone-d,light,733.7
2024-03-13T07:43:00.000Z,zone-b,light,292.5
2024-03-13T07:54:00.000Z,zone-c,temperature,24.5
2024-03-13T08:44:00.000Z,zone-d,pressure,1019.7
2024-03-13T10:11:00.000Z,zone-b,temperature,21.8
2024-03-13T10:12:00.000Z,zone-c,pressure,999.4
2024-03-13T11:07:00.000Z,zone-b,pressure,1018.5
2024-03-13T13:06:00.000Z,zone-a,pressure,1008
2024-03-13T15:15:00.000Z,zone-d,humidity,54.1
2024-03-13T15:16:00.000Z,zone-a,light,674
2024-03-13T16:23:00.000Z,zone-b,humidity,66
2024-03-13T20:09:00.000Z,zone-b,light,210.9
2024-03-13T20:22:00.000Z,zone-d,pressure,1000.2
2024-03-13T21:40:00.000Z,zone-c,humidity,30.7
2024-03-13T21:54:00.000Z,zone-d,light,659.4
2024-03-13T23:21:00.000Z,zone-a,light,790.5
2024-03-14T02:28:00.000Z,zone-c,pressure,999.2
2024-03-14T04:20:00.000Z,zone-a,humidity,60.2
2024-03-14T05:44:00.000Z,zone-c,temperature,34.6
2024-03-14T08:07:00.000Z,zone-d,humidity,41.4
2024-03-14T09:34:00.000Z,zone-b,pressure,1000.9
2024-03-14T09:39:00.000Z,zone-b,temperature,16.2
2024-03-14T10:57:00.000Z,zone-d,temperature,32.6
2024-03-14T14:05:00.000Z,zone-a,temperature,29.7
2024-03-14T14:23:00.000Z,zone-b,humidity,40.3
2024-03-14T15:45:00.000Z,zone-a,pressure,1009.8
2024-03-14T16:16:00.000Z,zone-c,light,554.7
2024-03-14T19:18:00.000Z,zone-b,pressure,1013.2
2024-03-14T22:03:00.000Z,zone-c,humidity,59.3
2024-03-15T00:47:00.000Z,zone-d,pressure,1011.5
2024-03-15T02:17:00.000Z,zone-a,light,467.5
2024-03-15T02:49:00.000Z,zone-a,humidity,72.5
2024-03-15T04:11:00.000Z,zone-b,humidity,67.2
2024-03-15T07:55:00.000Z,zone-d,temperature,28.1
2024-03-15T08:16:00.000Z,zone-b,temperature,25.8
2024-03-15T09:21:00.000Z,zone-a,pressure,1016.1
2024-03-15T11:47:00.000Z,zone-b,light,673.4
2024-03-15T14:07:00.000Z,zone-d,humidity,54.8
2024-03-15T14:26:00.000Z,zone-d,light,428.7
2024-03-15T14:38:00.000Z,zone-a,temperature,27.2
2024-03-15T14:38:00.000Z,zone-c,pressure,1008
2024-03-15T14:56:00.000Z,zone-c,light,612.9
2024-03-15T15:53:00.000Z,zone-c,temperature,18.3
2024-03-15T21:37:00.000Z,zone-d,light,739.2
2024-03-16T01:04:00.000Z,zone-a,temperature,23.8
2024-03-16T02:36:00.000Z,zone-a,pressure,1008.8
2024-03-16T03:24:00.000Z,zone-c,temperature,34.3
2024-03-16T03:42:00.000Z,zone-c,light,245.5
2024-03-16T12:06:00.000Z,zone-d,pressure,1008.2
2024-03-16T12:18:00.000Z,zone-a,light,350.6
2024-03-16T12:23:00.000Z,zone-a,humidity,38.8
2024-03-16T12:51:00.000Z,zone-b,light,400.9
2024-03-16T13:30:00.000Z,zone-c,pressure,1013.5
2024-03-16T15:06:00.000Z,zone-d,temperature,30.3
2024-03-16T15:29:00.000Z,zone-d,humidity,63.4
2024-03-16T15:59:00.000Z,zone-b,humidity,75.7
2024-03-16T16:32:00.000Z,zone-b,pressure,994.7
2024-03-16T18:08:00.000Z,zone-b,temperature,24.2
2024-03-16T18:13:00.000Z,zone-c,humidity,38.7
2024-03-16T19:25:00.000Z,zone-b,humidity,75.6
2024-03-16T19:51:00.000Z,zone-c,light,700.7
2024-03-16T19:54:00.000Z,zone-d,light,289.8
2024-03-16T22:39:00.000Z,zone-c,temperature,22.3
2024-03-17T00:14:00.000Z,zone-d,pressure,1010.7
2024-03-17T01:54:00.000Z,zone-a,light,561.5
2024-03-17T02:33:00.000Z,zone-a,pressure,1004.8
2024-03-17T04:04:00.000Z,zone-d,humidity,79.2
2024-03-17T04:05:00.000Z,zone-b,light,658.4
2024-03-17T04:09:00.000Z,zone-c,pressure,995.1
2024-03-17T04:33:00.000Z,zone-a,humidity,72.7
2024-03-17T07:23:00.000Z,zone-b,temperature,31.1
2024-03-17T09:17:00.000Z,zone-b,pressure,1015.8
2024-03-17T09:21:00.000Z,zone-d,temperature,34
2024-03-17T09:27:00.000Z,zone-c,humidity,57.3
2024-03-17T16:42:00.000Z,zone-a,temperature,26.4
2024-03-17T22:48:00.000Z,zone-b,pressure,1004.8
2024-03-17T23:24:00.000Z,zone-a,pressure,993.5
2024-03-17T23:38:00.000Z,zone-d,temperature,28.5
2024-03-17T23:43:00.000Z,zone-a,light,656.6
2024-03-17T23:49:00.000Z,zone-a,humidity,58.5
2024-03-18T01:06:00.000Z,zone-a,temperature,30.6
2024-03-18T01:36:00.000Z,zone-c,humidity,57.6
2024-03-18T02:05:00.000Z,zone-d,light,405
2024-03-18T05:06:00.000Z,zone-c,light,248
2024-03-18T06:46:00.000Z,zone-c,temperature,18.9
2024-03-18T09:13:00.000Z,zone-d,pressure,1005.4
2024-03-18T11:47:00.000Z,zone-b,humidity,70.6
2024-03-18T12:06:00.000Z,zone-d,humidity,33
2024-03-18T12:43:00.000Z,zone-b,temperature,22.4
2024-03-18T15:57:00.000Z,zone-c,pressure,990.4
2024-03-18T17:58:00.000Z,zone-b,light,121.5
2024-03-18T19:15:00.000Z,zone-a,light,142.4
2024-03-18T21:24:00.000Z,zone-d,humidity,57.9
2024-03-19T00:11:00.000Z,zone-c,humidity,65.7
2024-03-19T03:32:00.000Z,zone-c,light,370.5
2024-03-19T08:25:00.000Z,zone-d,light,872.4
2024-03-19T09:30:00.000Z,zone-a,pressure,1013.1
2024-03-19T11:03:00.000Z,zone-b,humidity,36.1
2024-03-19T11:32:00.000Z,zone-d,temperature,21.6
2024-03-19T11:51:00.000Z,zone-a,temperature,29.3
2024-03-19T12:39:00.000Z,zone-b,light,470.4
2024-03-19T13:04:00.000Z,zone-b,pressure,1006.2
2024-03-19T15:29:00.000Z,zone-c,temperature,34.7
2024-03-19T16:19:00.000Z,zone-d,pressure,1005.8
2024-03-19T16:44:00.000Z,zone-c,pressure,1013.1
2024-03-19T17:24:00.000Z,zone-b,temperature,20.2
2024-03-19T18:07:00.000Z,zone-a,humidity,41.7
2024-03-19T19:00:00.000Z,zone-b,humidity,36.3
2024-03-19T20:20:00.000Z,zone-c,light,499
2024-03-19T20:40:00.000Z,zone-a,pressure,994.4
2024-03-19T21:48:00.000Z,zone-c,humidity,39.1
2024-03-19T22:37:00.000Z,zone-c,temperature,23.7
2024-03-20T01:29:00.000Z,zone-d,light,322.7
2024-03-20T02:26:00.000Z,zone-d,pressure,995.1
2024-03-20T03:05:00.000Z,zone-a,humidity,74.6
2024-03-20T06:07:00.000Z,zone-c,pressure,993.9
2024-03-20T13:32:00.000Z,zone-b,temperature,20.1
2024-03-20T13:48:00.000Z,zone-a,light,765.4
2024-03-20T14:00:00.000Z,zone-a,temperature,34.1
2024-03-20T14:11:00.000Z,zone-d,humidity,72
2024-03-20T14:13:00.000Z,zone-d,temperature,23.8
2024-03-20T14:23:00.000Z,zone-b,light,860.5
2024-03-20T16:49:00.000Z,zone-b,pressure,1008.2
2024-03-20T18:50:00.000Z,zone-c,light,413.1
2024-03-20T21:40:00.000Z,zone-d,pressure,1008.4
2024-03-20T21:49:00.000Z,zone-d,humidity,58.3
2024-03-20T22:08:00.000Z,zone-a,light,394
2024-03-20T23:08:00.000Z,zone-b,light,204.4
2024-03-21T03:00:00.000Z,zone-c,humidity,33.6
2024-03-21T03:51:00.000Z,zone-c,pressure,1018.1
2024-03-21T05:55:00.000Z,zone-a,pressure,1016.2
2024-03-21T06:52:00.000Z,zone-b,temperature,33.4
2024-03-21T08:31:00.000Z,zone-d,temperature,32
2024-03-21T09:38:00.000Z,zone-a,temperature,18.1
2024-03-21T10:41:00.000Z,zone-a,humidity,45.4
2024-03-21T13:19:00.000Z,zone-d,light,406.6
2024-03-21T14:58:00.000Z,zone-c,temperature,31.7
2024-03-21T16:04:00.000Z,zone-b,humidity,71.9
2024-03-21T16:10:00.000Z,zone-b,pressure,1000.1
2024-03-21T21:25:00.000Z,zone-a,pressure,994.4
2024-03-21T21:37:00.000Z,zone-c,pressure,1016.9
2024-03-21T21:48:00.000Z,zone-d,pressure,1012.5
2024-03-21T22:37:00.000Z,zone-b,pressure,1018.7
2024-03-21T23:11:00.000Z,zone-b,light,894.8
2024-03-22T00:37:00.000Z,zone-d,temperature,23.8
2024-03-22T01:20:00.000Z,zone-b,temperature,33.5
2024-03-22T01:47:00.000Z,zone-a,temperature,32.7
2024-03-22T05:05:00.000Z,zone-c,humidity,43.1
2024-03-22T06:24:00.000Z,zone-a,light,716
2024-03-22T09:42:00.000Z,zone-a,humidity,69.4
2024-03-22T10:34:00.000Z,zone-c,temperature,25.8
2024-03-22T10:42:00.000Z,zone-b,humidity,59.8
2024-03-22T11:19:00.000Z,zone-d,light,489.7
2024-03-22T14:52:00.000Z,zone-c,light,329.5
2024-03-22T17:40:00.000Z,zone-d,humidity,61.1
2024-03-22T20:26:00.000Z,zone-c,humidity,60.6
2024-03-22T20:37:00.000Z,zone-a,humidity,32.7
2024-03-22T21:19:00.000Z,zone-d,pressure,1017.2
2024-03-22T21:26:00.000Z,zone-c,pressure,1019.5
2024-03-23T02:11:00.000Z,zone-b,humidity,61.2
2024-03-23T02:47:00.000Z,zone-b,light,720.7
2024-03-23T02:48:00.000Z,zone-b,pressure,1018.2
2024-03-23T04:05:00.000Z,zone-d,temperature,28
2024-03-23T06:26:00.000Z,zone-a,temperature,22.8
2024-03-23T06:59:00.000Z,zone-c,light,487.6
2024-03-23T08:11:00.000Z,zone-b,temperature,15.6
2024-03-23T10:59:00.000Z,zone-a,pressure,991.3
2024-03-23T14:08:00.000Z,zone-a,light,464.5
2024-03-23T16:15:00.000Z,zone-c,temperature,24.1
2024-03-23T17:22:00.000Z,zone-d,humidity,62.5
2024-03-23T17:33:00.000Z,zone-d,light,860.7
2024-03-23T19:29:00.000Z,zone-d,light,651.8
2024-03-23T20:23:00.000Z,zone-a,humidity,30.8
2024-03-23T21:27:00.000Z,zone-b,light,871.5
2024-03-23T21:43:00.000Z,zone-a,pressure,1000.2
2024-03-23T23:12:00.000Z,zone-c,temperature,23
2024-03-23T23:33:00.000Z,zone-d,temperature,15
2024-03-24T02:40:00.000Z,zone-a,temperature,17.2
2024-03-24T05:16:00.000Z,zone-c,pressure,1006
2024-03-24T07:11:00.000Z,zone-d,humidity,36.4
2024-03-24T08:02:00.000Z,zone-c,humidity,37.8
2024-03-24T11:24:00.000Z,zone-d,pressure,993.1
2024-03-24T11:25:00.000Z,zone-b,humidity,64.2
2024-03-24T13:07:00.000Z,zone-c,light,405.8
2024-03-24T14:05:00.000Z,zone-b,pressure,1000.8
2024-03-24T14:12:00.000Z,zone-b,temperature,31.1
2024-03-24T14:51:00.000Z,zone-a,light,474.7
2024-03-24T20:12:00.000Z,zone-d,pressure,991.7
2024-03-24T21:41:00.000Z,zone-d,humidity,48.2
2024-03-24T21:57:00.000Z,zone-c,pressure,1006
2024-03-24T23:00:00.000Z,zone-c,humidity,56.2
2024-03-24T23:07:00.000Z,zone-b,humidity,75.7
2024-03-24T23:13:00.000Z,zone-b,light,332.4
2024-03-25T02:00:00.000Z,zone-d,light,546.1
2024-03-25T03:57:00.000Z,zone-a,pressure,1012.2
2024-03-25T05:55:00.000Z,zone-b,temperature,23.7
2024-03-25T09:02:00.000Z,zone-b,pressure,1017.4
2024-03-25T09:48:00.000Z,zone-a,humidity,65
2024-03-25T12:15:00.000Z,zone-a,temperature,35
2024-03-25T14:51:00.000Z,zone-c,temperature,27.9
2024-03-25T15:12:00.000Z,zone-c,light,582
2024-03-25T15:18:00.000Z,zone-a,light,226.5
2024-03-25T17:06:00.000Z,zone-d,temperature,16.7
2024-03-25T19:27:00.000Z,zone-c,light,655.8
2024-03-25T20:46:00.000Z,zone-d,temperature,31.1
2024-03-25T22:56:00.000Z,zone-d,humidity,49.3
2024-03-26T00:17:00.000Z,zone-c,humidity,35.8
2024-03-26T00:54:00.000Z,zone-d,light,820.7
2024-03-26T01:23:00.000Z,zone-a,pressure,995.5
2024-03-26T05:02:00.000Z,zone-b,humidity,55.6
2024-03-26T06:43:00.000Z,zone-a,temperature,33.2
2024-03-26T07:39:00.000Z,zone-c,temperature,23
2024-03-26T08:27:00.000Z,zone-b,pressure,995.2
2024-03-26T11:23:00.000Z,zone-d,pressure,1012.8
2024-03-26T14:42:00.000Z,zone-c,pressure,991.6
2024-03-26T14:43:00.000Z,zone-a,light,253.1
2024-03-26T16:19:00.000Z,zone-b,light,183.3
2024-03-26T17:09:00.000Z,zone-a,humidity,62.1
2024-03-26T18:05:00.000Z,zone-b,temperature,29.8
2024-03-26T18:54:00.000Z,zone-a,humidity,67.2
2024-03-26T19:31:00.000Z,zone-c,temperature,26.3
2024-03-26T21:05:00.000Z,zone-b,temperature,17.6
2024-03-26T21:59:00.000Z,zone-a,light,775.2
2024-03-26T23:09:00.000Z,zone-b,pressure,992.8
2024-03-26T23:14:00.000Z,zone-d,light,483.4
2024-03-26T23:52:00.000Z,zone-b,light,313
2024-03-27T00:42:00.000Z,zone-c,humidity,48.3
2024-03-27T02:01:00.000Z,zone-d,temperature,15.5
2024-03-27T03:33:00.000Z,zone-d,humidity,35
2024-03-27T04:01:00.000Z,zone-a,pressure,1011.2
2024-03-27T09:02:00.000Z,zone-c,light,798.5
2024-03-27T09:24:00.000Z,zone-c,pressure,1013.2
2024-03-27T10:06:00.000Z,zone-b,humidity,41.5
2024-03-27T16:28:00.000Z,zone-d,pressure,1003.4
2024-03-27T17:26:00.000Z,zone-a,temperature,26.9
2024-03-27T21:21:00.000Z,zone-d,pressure,1004.8
2024-03-27T22:38:00.000Z,zone-c,humidity,70.4
2024-03-27T23:52:00.000Z,zone-b,temperature,27
2024-03-28T00:37:00.000Z,zone-c,pressure,1006.5
2024-03-28T02:50:00.000Z,zone-a,pressure,1000.9
2024-03-28T06:46:00.000Z,zone-b,pressure,1004
2024-03-28T12:09:00.000Z,zone-c,temperature,31.6
2024-03-28T12:43:00.000Z,zone-d,temperature,34.2
2024-03-28T13:45:00.000Z,zone-a,light,629.9
2024-03-28T14:21:00.000Z,zone-b,light,275.5
2024-03-28T14:42:00.000Z,zone-a,humidity,78.8
2024-03-28T16:12:00.000Z,zone-d,light,673.1
2024-03-28T16:13:00.000Z,zone-c,light,366.4
2024-03-28T16:50:00.000Z,zone-a,temperature,16.2
2024-03-28T17:08:00.000Z,zone-b,humidity,59.6
2024-03-28T17:21:00.000Z,zone-d,humidity,36.5
2024-03-28T18:52:00.000Z,zone-a,humidity,32.1
2024-03-28T23:15:00.000Z,zone-b,temperature,20.3
2024-03-28T23:42:00.000Z,zone-a,pressure,1008.3
2024-03-29T03:59:00.000Z,zone-a,temperature,29.5
2024-03-29T05:29:00.000Z,zone-c,humidity,40.8
2024-03-29T06:12:00.000Z,zone-b,light,638.8
2024-03-29T11:16:00.000Z,zone-c,pressure,990.2
2024-03-29T11:26:00.000Z,zone-d,pressure,1002.9
2024-03-29T11:59:00.000Z,zone-b,pressure,997.7
2024-03-29T12:38:00.000Z,zone-d,temperature,25.8
2024-03-29T13:12:00.000Z,zone-d,light,760.4
2024-03-29T13:24:00.000Z,zone-c,light,751.5
2024-03-29T16:00:00.000Z,zone-c,temperature,27.1
2024-03-29T17:54:00.000Z,zone-a,light,780.4
2024-03-29T18:09:00.000Z,zone-d,humidity,73.3
2024-03-29T18:18:00.000Z,zone-b,humidity,64.7
2024-03-29T19:33:00.000Z,zone-d,humidity,53.1
2024-03-29T20:02:00.000Z,zone-a,temperature,28.5
2024-03-29T21:38:00.000Z,zone-b,pressure,1009.6
2024-03-29T21:58:00.000Z,zone-c,temperature,20.9
2024-03-29T22:48:00.000Z,zone-c,light,174.2
2024-03-29T23:39:00.000Z,zone-a,pressure,1011.7
2024-03-30T01:36:00.000Z,zone-a,humidity,61.3
2024-03-30T02:22:00.000Z,zone-a,light,302.4
2024-03-30T03:24:00.000Z,zone-b,temperature,17.5
2024-03-30T05:52:00.000Z,zone-c,pressure,1006.2
2024-03-30T06:10:00.000Z,zone-b,light,252.1
2024-03-30T07:29:00.000Z,zone-b,humidity,35.2
2024-03-30T08:54:00.000Z,zone-d,light,554.4
2024-03-30T11:56:00.000Z,zone-d,pressure,996.8
2024-03-30T12:17:00.000Z,zone-d,temperature,29.9
2024-03-30T15:04:00.000Z,zone-c,humidity,53.8
