doc_id,entity_id
DOC-0001,E013
DOC-0002,E004
DOC-0003,E016
DOC-0004,E013
DOC-0005,E007
DOC-0006,E003
DOC-0007,E009
DOC-0008,E012
DOC-0009,E001
DOC-0010,E004
DOC-0011,E005
DOC-0012,E002
DOC-0013,E015
DOC-0014,E008
DOC-0015,E015
DOC-0016,E004
DOC-0017,E016
DOC-0018,E009
DOC-0019,E007
DOC-0020,E012
DOC-0021,E014
DOC-0022,E002
DOC-0023,E010
DOC-0024,E003
DOC-0025,E008
DOC-0026,E012
DOC-0027,E004
DOC-0028,E012
DOC-0029,E002
DOC-0030,E016
DOC-0031,E002
DOC-0032,E005
DOC-0033,E004
DOC-0034,E015
DOC-0035,E003
DOC-0036,E009
DOC-0037,E002
DOC-0038,E002
DOC-0039,E008
DOC-0040,E010
DOC-0041,E001
DOC-0042,E013
DOC-0043,E005
DOC-0044,E009
DOC-0045,E001
DOC-0046,E006
DOC-0047,E006
DOC-0048,E004
DOC-0049,E002
DOC-0050,E013
DOC-0051,E006
DOC-0052,E009
DOC-0053,E012
DOC-0054,E013
DOC-0055,E010
DOC-0056,E015
DOC-0057,E001
DOC-0058,E004
DOC-0059,E014
DOC-0060,E002
DOC-0061,E002
DOC-0062,E010
DOC-0063,E004
DOC-0064,E001
DOC-0065,E004
DOC-0066,E001
DOC-0067,E003
DOC-0068,E002
DOC-0069,E014
DOC-0070,E008
DOC-0071,E010
DOC-0072,E008
DOC-0073,E016
DOC-0074,E002
DOC-0075,E014
DOC-0076,E010
DOC-0077,E008
DOC-0078,E005
DOC-0079,E007
DOC-0080,E003
DOC-0081,E008
DOC-0082,E007
DOC-0083,E007
DOC-0084,E004
DOC-0085,E010
DOC-0086,E008
DOC-0087,E003
DOC-0088,E014
DOC-0089,E011
DOC-0090,E005
DOC-0091,E015
DOC-0092,E009
DOC-0093,E015
DOC-0094,E005
DOC-0095,E001
DOC-0096,E011
DOC-0097,E013
DOC-0098,E012
DOC-0099,E001
DOC-0100,E004
DOC-0101,E014
DOC-0102,E012
DOC-0103,E007
DOC-0104,E012
DOC-0105,E009
DOC-0106,E009
DOC-0107,E010
DOC-0108,E008
DOC-0109,E004
DOC-0110,E012
DOC-0111,E014
DOC-0112,E013
DOC-0113,E009
DOC-0114,E001
DOC-0115,E001
DOC-0116,E005
DOC-0117,E013
DOC-0118,E003
DOC-0119,E009
DOC-0120,E003
DOC-0121,E011
DOC-0122,E013
DOC-0123,E004
DOC-0124,E011
DOC-0125,E014
DOC-0126,E007
DOC-0127,E013
DOC-0128,E010
DOC-0129,E015
DOC-0130,E015
DOC-0131,E003
DOC-0132,E001
DOC-0133,E012
DOC-0134,E006
DOC-0135,E004
DOC-0136,E004
DOC-0137,E010
DOC-0138,E010
DOC-0139,E007
DOC-0140,E004
DOC-0141,E002
DOC-0142,E001
DOC-0143,E006
DOC-0144,E012
DOC-0145,E012
DOC-0146,E005
DOC-0147,E015
DOC-0148,E014
DOC-0149,E011
DOC-0150,E014
DOC-0151,E006
DOC-0152,E001
DOC-0153,E016
DOC-0154,E002
DOC-0155,E007
DOC-0156,E002
DOC-0157,E004
DOC-0158,E014
DOC-0159,E003
DOC-0160,E010
DOC-0161,E016
DOC-0162,E007
DOC-0163,E010
DOC-0164,E011
DOC-0165,E001
DOC-0166,E005
DOC-0167,E015
DOC-0168,E006
DOC-0169,E007
DOC-0170,E007
DOC-0171,E001
DOC-0172,E005
DOC-0173,E007
DOC-0174,E006
DOC-0175,E013
DOC-0176,E011
DOC-0177,E011
DOC-0178,E013
DOC-0179,E014
DOC-0180,E013
DOC-0181,E012
DOC-0182,E004
DOC-0183,E016
DOC-0184,E016
DOC-0185,E007
DOC-0186,E007
DOC-0187,E013
DOC-0188,E015
DOC-0189,E002
DOC-0190,E014
DOC-0191,E005
DOC-0192,E008
DOC-0193,E013
DOC-0194,E012
DOC-0195,E002
DOC-0196,E008
DOC-0197,E010
DOC-0198,E011
DOC-0199,E013
DOC-0200,E016
DOC-0201,E010
DOC-0202,E006
DOC-0203,E001
DOC-0204,E003
DOC-0205,E001
DOC-0206,E002
DOC-0207,E016
DOC-0208,E006
DOC-0209,E002
DOC-0210,E005
DOC-0211,E014
DOC-0212,E001
DOC-0213,E014
DOC-0214,E011
DOC-0215,E003
DOC-0216,E009
DOC-0217,E011
DOC-0218,E005
DOC-0219,E015
DOC-0220,E012
DOC-0221,E012
DOC-0222,E010
DOC-0223,E012
DOC-0224,E016
DOC-0225,E001
DOC-0226,E007
DOC-0227,E005
DOC-0228,E002
DOC-0229,E016
DOC-0230,E008
DOC-0231,E003
DOC-0232,E005
DOC-0233,E013
DOC-0234,E006
DOC-0235,E009
DOC-0236,E012
DOC-0237,E015
DOC-0238,E012
DOC-0239,E008
DOC-0240,E004
DOC-0241,E013
DOC-0242,E001
DOC-0243,E009
DOC-0244,E009
DOC-0245,E008
DOC-0246,E004
DOC-0247,E003
DOC-0248,E002
DOC-0249,E009
DOC-0250,E010
DOC-0251,E015
DOC-0252,E003
DOC-0253,E005
DOC-0254,E013
DOC-0255,E008
DOC-0256,E016
DOC-0257,E001
DOC-0258,E015
DOC-0259,E002
DOC-0260,E005
DOC-0261,E003
DOC-0262,E014
DOC-0263,E016
DOC-0264,E009
DOC-0265,E003
DOC-0266,E013
DOC-0267,E001
DOC-0268,E004
DOC-0269,E011
DOC-0270,E011
DOC-0271,E003
DOC-0272,E006
DOC-0273,E008
DOC-0274,E010
DOC-0275,E014
DOC-0276,E015
DOC-0277,E011
DOC-0278,E012
DOC-0279,E014
DOC-0280,E012
DOC-0281,E009
DOC-0282,E010
DOC-0283,E015
DOC-0284,E006
DOC-0285,E011
DOC-0286,E014
DOC-0287,E003
DOC-0288,E009
DOC-0289,E001
DOC-0290,E004
DOC-0291,E010
DOC-0292,E011
DOC-0293,E016
DOC-0294,E013
DOC-0295,E013
DOC-0296,E013
DOC-0297,E014
DOC-0298,E002
DOC-0299,E001
DOC-0300,E003
DOC-0301,E014
DOC-0302,E006
DOC-0303,E004
DOC-0304,E002
DOC-0305,E011
DOC-0306,E007
DOC-0307,E010
DOC-0308,E016
DOC-0309,E008
DOC-0310,E012
DOC-0311,E011
DOC-0312,E001
DOC-0313,E015
DOC-0314,E011
DOC-0315,E016
DOC-0316,E002
DOC-0317,E011
DOC-0318,E006
DOC-0319,E003
DOC-0320,E006
DOC-0321,E016
DOC-0322,E005
DOC-0323,E010
DOC-0324,E008
DOC-0325,E013
DOC-0326,E010
DOC-0327,E003
DOC-0328,E004
DOC-0329,E008
DOC-0330,E005
DOC-0331,E007
DOC-0332,E007
DOC-0333,E010
DOC-0334,E014
DOC-0335,E009
DOC-0336,E004
DOC-0337,E008
DOC-0338,E015
DOC-0339,E012
DOC-0340,E008
DOC-0341,E010
DOC-0342,E006
DOC-0343,E004
DOC-0344,E014
DOC-0345,E014
DOC-0346,E007
DOC-0347,E004
DOC-0348,E015
DOC-0349,E006
DOC-0350,E013
DOC-0351,E009
DOC-0352,E004
DOC-0353,E006
DOC-0354,E001
DOC-0355,E006
DOC-0356,E013
DOC-0357,E013
DOC-0358,E001
DOC-0359,E007
DOC-0360,E007
DOC-0361,E008
DOC-0362,E006
DOC-0363,E011
DOC-0364,E007
DOC-0365,E006
DOC-0366,E006
DOC-0367,E016
DOC-0368,E009
DOC-0369,E011
DOC-0370,E002
DOC-0371,E010
DOC-0372,E012
DOC-0373,E009
DOC-0374,E006
DOC-0375,E001
DOC-0376,E016
DOC-0377,E005
DOC-0378,E001
DOC-0379,E001
DOC-0380,E003
DOC-0381,E013
DOC-0382,E016
DOC-0383,E009
DOC-0384,E010
DOC-0385,E015
DOC-0386,E012
DOC-0387,E003
DOC-0388,E016
DOC-0389,E002
DOC-0390,E005
DOC-0391,E005
DOC-0392,E008
DOC-0393,E010
DOC-0394,E005
DOC-0395,E006
DOC-0396,E010
DOC-0397,E010
DOC-0398,E016
DOC-0399,E015
DOC-0400,E013
DOC-0401,E004
DOC-0402,E010
DOC-0403,E008
DOC-0404,E013
DOC-0405,E003
DOC-0406,E002
DOC-0407,E006
DOC-0408,E003
DOC-0409,E002
DOC-0410,E016
DOC-0411,E016
DOC-0412,E008
DOC-0413,E006
DOC-0414,E002
DOC-0415,E007
DOC-0416,E014
DOC-0417,E008
DOC-0418,E003
DOC-0419,E011
DOC-0420,E008
DOC-0421,E002
DOC-0422,E007
DOC-0423,E009
DOC-0424,E008
DOC-0425,E008
DOC-0426,E012
DOC-0427,E010
DOC-0428,E006
DOC-0429,E011
DOC-0430,E003
DOC-0431,E014
DOC-0432,E002
DOC-0433,E014
DOC-0434,E005
DOC-0435,E012
DOC-0436,E004
DOC-0437,E009
DOC-0438,E016
DOC-0439,E011
DOC-0440,E016
DOC-0441,E004
DOC-0442,E001
DOC-0443,E004
DOC-0444,E003
DOC-0445,E006
DOC-0446,E005
DOC-0447,E007
DOC-0448,E001
DOC-0449,E003
DOC-0450,E014
DOC-0451,E007
DOC-0452,E005
DOC-0453,E014
DOC-0454,E001
DOC-0455,E007
DOC-0456,E004
DOC-0457,E002
DOC-0458,E002
DOC-0459,E011
DOC-0460,E009
DOC-0461,E014
DOC-0462,E006
DOC-0463,E009
DOC-0464,E008
DOC-0465,E014
DOC-0466,E009
DOC-0467,E007
DOC-0468,E006
DOC-0469,E011
DOC-0470,E006
DOC-0471,E012
DOC-0472,E002
DOC-0473,E004
DOC-0474,E011
DOC-0475,E005
DOC-0476,E015
DOC-0477,E002
DOC-0478,E012
DOC-0479,E001
DOC-0480,E013
DOC-0481,E016
DOC-0482,E001
DOC-0483,E002
DOC-0484,E016
DOC-0485,E001
DOC-0486,E015
DOC-0487,E009
DOC-0488,E010
DOC-0489,E012
DOC-0490,E014
DOC-0491,E002
DOC-0492,E014
DOC-0493,E011
DOC-0494,E015
DOC-0495,E004
DOC-0496,E001
DOC-0497,E001
DOC-0498,E016
DOC-0499,E012
DOC-0500,E005
DOC-0501,E003
DOC-0502,E003
DOC-0503,E007
DOC-0504,E010
DOC-0505,E002
DOC-0506,E003
DOC-0507,E016
DOC-0508,E005
DOC-0509,E013
DOC-0510,E005
DOC-0511,E002
DOC-0512,E002
DOC-0513,E002
DOC-0514,E005
DOC-0515,E002
DOC-0516,E013
DOC-0517,E010
DOC-0518,E010
DOC-0519,E002
DOC-0520,E003
DOC-0521,E010
DOC-0522,E005
DOC-0523,E008
DOC-0524,E013
DOC-0525,E016
DOC-0526,E014
DOC-0527,E015
DOC-0528,E011
DOC-0529,E005
DOC-0530,E006
DOC-0531,E011
DOC-0532,E006
DOC-0533,E009
DOC-0534,E006
DOC-0535,E011
DOC-0536,E007
DOC-0537,E013
DOC-0538,E016
DOC-0539,E013
DOC-0540,E003
DOC-0541,E015
DOC-0542,E008
DOC-0543,E005
DOC-0544,E015
DOC-0545,E005
DOC-0546,E016
DOC-0547,E016
DOC-0548,E004
DOC-0549,E016
DOC-0550,E008
DOC-0551,E012
DOC-0552,E013
DOC-0553,E016
DOC-0554,E001
DOC-0555,E016
DOC-0556,E008
DOC-0557,E004
DOC-0558,E009
DOC-0559,E004
DOC-0560,E004
DOC-0561,E011
DOC-0562,E003
DOC-0563,E007
DOC-0564,E013
DOC-0565,E013
DOC-0566,E015
DOC-0567,E005
DOC-0568,E001
DOC-0569,E006
DOC-0570,E006
DOC-0571,E013
DOC-0572,E016
DOC-0573,E007
DOC-0574,E014
DOC-0575,E014
DOC-0576,E004
DOC-0577,E003
DOC-0578,E008
DOC-0579,E010
DOC-0580,E014
DOC-0581,E007
DOC-0582,E003
DOC-0583,E010
DOC-0584,E011
DOC-0585,E016
DOC-0586,E009
DOC-0587,E011
DOC-0588,E005
DOC-0589,E015
DOC-0590,E004
DOC-0591,E003
DOC-0592,E016
DOC-0593,E015
DOC-0594,E003
DOC-0595,E013
DOC-0596,E014
DOC-0597,E004
DOC-0598,E001
DOC-0599,E004
DOC-0600,E013
DOC-0601,E003
DOC-0602,E003
DOC-0603,E009
DOC-0604,E007
DOC-0605,E002
DOC-0606,E002
DOC-0607,E011
DOC-0608,E010
DOC-0609,E003
DOC-0610,E010
DOC-0611,E012
DOC-0612,E002
DOC-0613,E012
DOC-0614,E016
DOC-0615,E002
DOC-0616,E002
DOC-0617,E013
DOC-0618,E011
DOC-0619,E014
DOC-0620,E014
DOC-0621,E005
DOC-0622,E010
DOC-0623,E016
DOC-0624,E001
DOC-0625,E002
DOC-0626,E002
DOC-0627,E005
DOC-0628,E003
DOC-0629,E014
DOC-0630,E003
DOC-0631,E002
DOC-0632,E015
DOC-0633,E002
DOC-0634,E004
DOC-0635,E009
DOC-0636,E001
DOC-0637,E012
DOC-0638,E002
DOC-0639,E004
DOC-0640,E012
DOC-0641,E004
DOC-0642,E001
DOC-0643,E011
DOC-0644,E005
DOC-0645,E007
DOC-0646,E009
DOC-0647,E002
DOC-0648,E016
DOC-0649,E007
DOC-0650,E008
DOC-0651,E001
DOC-0652,E006
DOC-0653,E010
DOC-0654,E007
DOC-0655,E014
DOC-0656,E004
DOC-0657,E013
DOC-0658,E001
DOC-0659,E013
DOC-0660,E002
DOC-0661,E015
DOC-0662,E015
DOC-0663,E013
DOC-0664,E012
DOC-0665,E003
DOC-0666,E002
DOC-0667,E010
DOC-0668,E010
DOC-0669,E012
DOC-0670,E010
DOC-0671,E009
DOC-0672,E009
DOC-0673,E008
DOC-0674,E002
DOC-0675,E016
DOC-0676,E002
DOC-0677,E001
DOC-0678,E004
DOC-0679,E013
DOC-0680,E009
DOC-0681,E016
DOC-0682,E005
DOC-0683,E008
DOC-0684,E016
DOC-0685,E008
DOC-0686,E001
DOC-0687,E015
DOC-0688,E002
DOC-0689,E012
DOC-0690,E001
DOC-0691,E007
DOC-0692,E005
DOC-0693,E010
DOC-0694,E008
DOC-0695,E010
DOC-0696,E009
DOC-0697,E011
DOC-0698,E001
DOC-0699,E005
DOC-0700,E007
DOC-0701,E008
DOC-0702,E011
DOC-0703,E001
DOC-0704,E005
DOC-0705,E006
DOC-0706,E005
DOC-0707,E015
DOC-0708,E012
DOC-0709,E005
DOC-0710,E001
DOC-0711,E016
DOC-0712,E006
DOC-0713,E002
DOC-0714,E005
DOC-0715,E015
DOC-0716,E006
DOC-0717,E016
DOC-0718,E009
DOC-0719,E016
DOC-0720,E001
DOC-0721,E001
DOC-0722,E002
DOC-0723,E008
DOC-0724,E009
DOC-0725,E007
DOC-0726,E001
DOC-0727,E006
DOC-0728,E005
DOC-0729,E013
DOC-0730,E015
DOC-0731,E006
DOC-0732,E016
DOC-0733,E009
DOC-0734,E006
DOC-0735,E007
DOC-0736,E015
DOC-0737,E007
DOC-0738,E005
DOC-0739,E004
DOC-0740,E006
DOC-0741,E016
DOC-0742,E012
DOC-0743,E008
DOC-0744,E007
DOC-0745,E001
DOC-0746,E012
DOC-0747,E003
DOC-0748,E001
DOC-0749,E010
DOC-0750,E002
DOC-0751,E015
DOC-0752,E005
DOC-0753,E003
DOC-0754,E001
DOC-0755,E009
DOC-0756,E008
DOC-0757,E005
DOC-0758,E005
DOC-0759,E011
DOC-0760,E001
DOC-0761,E010
DOC-0762,E005
DOC-0763,E010
DOC-0764,E008
DOC-0765,E001
DOC-0766,E012
DOC-0767,E013
DOC-0768,E006
DOC-0769,E004
DOC-0770,E011
DOC-0771,E004
DOC-0772,E016
DOC-0773,E007
DOC-0774,E006
DOC-0775,E004
DOC-0776,E014
DOC-0777,E006
DOC-0778,E014
DOC-0779,E014
DOC-0780,E009
DOC-0781,E006
DOC-0782,E014
DOC-0783,E013
DOC-0784,E002
DOC-0785,E006
DOC-0786,E005
DOC-0787,E015
DOC-0788,E016
DOC-0789,E005
DOC-0790,E004
DOC-0791,E013
DOC-0792,E014
DOC-0793,E015
DOC-0794,E011
DOC-0795,E011
DOC-0796,E008
DOC-0797,E007
DOC-0798,E002
DOC-0799,E012
DOC-0800,E005
DOC-0801,E005
DOC-0802,E014
DOC-0803,E001
DOC-0804,E015
DOC-0805,E014
DOC-0806,E007
DOC-0807,E014
DOC-0808,E004
DOC-0809,E003
DOC-0810,E009
DOC-0811,E004
DOC-0812,E007
DOC-0813,E014
DOC-0814,E001
DOC-0815,E007
DOC-0816,E005
DOC-0817,E009
DOC-0818,E015
DOC-0819,E003
DOC-0820,E013
DOC-0821,E014
DOC-0822,E007
DOC-0823,E012
DOC-0824,E016
DOC-0825,E010
DOC-0826,E011
DOC-0827,E005
DOC-0828,E001
DOC-0829,E014
DOC-0830,E014
DOC-0831,E011
DOC-0832,E012
DOC-0833,E008
DOC-0834,E003
DOC-0835,E003
DOC-0836,E007
DOC-0837,E015
DOC-0838,E001
DOC-0839,E011
DOC-0840,E012
DOC-0841,E006
DOC-0842,E015
DOC-0843,E006
DOC-0844,E016
DOC-0845,E001
DOC-0846,E013
DOC-0847,E016
DOC-0848,E011
DOC-0849,E005
DOC-0850,E008
DOC-0851,E011
DOC-0852,E009
DOC-0853,E005
DOC-0854,E011
DOC-0855,E006
DOC-0856,E011
DOC-0857,E007
DOC-0858,E009
DOC-0859,E014
DOC-0860,E013
DOC-0861,E012
DOC-0862,E007
DOC-0863,E002
DOC-0864,E001
DOC-0865,E010
DOC-0866,E004
DOC-0867,E005
DOC-0868,E006
DOC-0869,E013
DOC-0870,E005
DOC-0871,E002
DOC-0872,E007
DOC-0873,E006
DOC-0874,E001
DOC-0875,E001
DOC-0876,E001
DOC-0877,E002
DOC-0878,E002
DOC-0879,E014
DOC-0880,E012
DOC-0881,E015
DOC-0882,E001
DOC-0883,E005
DOC-0884,E006
DOC-0885,E001
DOC-0886,E001
DOC-0887,E007
DOC-0888,E005
DOC-0889,E011
DOC-0890,E010
DOC-0891,E014
DOC-0892,E004
DOC-0893,E001
DOC-0894,E010
DOC-0895,E013
DOC-0896,E011
DOC-0897,E010
DOC-0898,E006
DOC-0899,E005
DOC-0900,E012
DOC-0901,E013
DOC-0902,E001
DOC-0903,E015
DOC-0904,E014
DOC-0905,E012
DOC-0906,E014
DOC-0907,E012
DOC-0908,E001
DOC-0909,E005
DOC-0910,E007
DOC-0911,E011
DOC-0912,E016
DOC-0913,E012
DOC-0914,E015
DOC-0915,E001
DOC-0916,E003
DOC-0917,E009
DOC-0918,E009
DOC-0919,E008
DOC-0920,E009
DOC-0921,E014
DOC-0922,E002
DOC-0923,E003
DOC-0924,E007
DOC-0925,E004
DOC-0926,E008
DOC-0927,E014
DOC-0928,E014
DOC-0929,E006
DOC-0930,E010
DOC-0931,E004
DOC-0932,E015
DOC-0933,E009
DOC-0934,E015
DOC-0935,E011
DOC-0936,E014
DOC-0937,E010
DOC-0938,E011
DOC-0939,E008
DOC-0940,E001
DOC-0941,E015
DOC-0942,E004
DOC-0943,E010
DOC-0944,E011
DOC-0945,E011
DOC-0946,E016
DOC-0947,E012
DOC-0948,E009
DOC-0949,E002
DOC-0950,E010
DOC-0951,E014
DOC-0952,E009
DOC-0953,E014
DOC-0954,E016
DOC-0955,E015
DOC-0956,E013
DOC-0957,E008
DOC-0958,E005
DOC-0959,E009
DOC-0960,E011
DOC-0961,E009
DOC-0962,E005
DOC-0963,E013
DOC-0964,E014
DOC-0965,E009
DOC-0966,E010
DOC-0967,E006
DOC-0968,E003
DOC-0969,E014
DOC-0970,E007
DOC-0971,E005
DOC-0972,E010
DOC-0973,E005
DOC-0974,E006
DOC-0975,E014
DOC-0976,E010
DOC-0977,E015
DOC-0978,E015
DOC-0979,E002
DOC-0980,E009
DOC-0981,E009
DOC-0982,E011
DOC-0983,E015
DOC-0984,E011
DOC-0985,E008
DOC-0986,E011
DOC-0987,E008
DOC-0988,E006
DOC-0989,E006
DOC-0990,E016
DOC-0991,E012
DOC-0992,E016
DOC-0993,E004
DOC-0994,E012
DOC-0995,E010
DOC-0996,E014
DOC-0997,E012
DOC-0998,E007
DOC-0999,E010
DOC-1000,E001
